FINCA;2024-01;2024-02;2024-03;2024-04;2024-05;2024-06;2024-07;2024-08;2024-09;2024-10;2024-11;2024-12;TOTAL
ENANO;32617045.56;32617045.56;32617045.56;32617045.56;32617045.56;32617045.56;32617045.56;32617045.56;32617045.56;32617045.56;32617045.56;32617045.56;391404546.71999997
EVA;23673662.099999998;23673662.099999998;23673662.099999998;23673662.099999998;23673662.099999998;23673662.099999998;23673662.099999998;23673662.099999998;23673662.099999998;23673662.099999998;23673662.099999998;23673662.099999998;284083945.2
SAMI;32266324.639999997;33493847.86;33844568.78;33844568.78;33844568.78;33844568.78;33844568.78;33844568.78;33844568.78;33844568.78;33844568.78;33844568.78;404205860.29999995
VEGA;13152034.5;13152034.5;13152034.5;13152034.5;13152034.5;13152034.5;13152034.5;13152034.5;13152034.5;13152034.5;13152034.5;13152034.5;157824414.0
FEDERICA;38053219.82;37351777.98;37001057.059999995;38053219.82;38053219.82;38053219.82;38053219.82;38053219.82;38053219.82;38053219.82;38053219.82;38053219.82;454885033.23999995
NEERLANDIA;25251906.24;25251906.24;25251906.24;25251906.24;25251906.24;25251906.24;25251906.24;25251906.24;25251906.24;25251906.24;25251906.24;25251906.24;303022874.88000005
SAN ANTONIO;27531592.22;27531592.22;27531592.22;27531592.22;27531592.22;27531592.22;27531592.22;27531592.22;27531592.22;27531592.22;27531592.22;27531592.22;330379106.64
MRS;15607080.94;12976674.04;10872348.52;10872348.52;10872348.52;10872348.52;10872348.52;10872348.52;10872348.52;10872348.52;10872348.52;10872348.52;137307240.17999998
DON FUAD;34019929.24;34019929.24;34019929.24;34019929.24;34019929.24;34019929.24;34019929.24;34019929.24;34019929.24;34019929.24;34019929.24;34019929.24;408239150.88000005
EUFEMIA;53660300.76;53660300.76;53660300.76;53660300.76;52608138.0;51380614.78;51380614.78;51380614.78;51380614.78;51380614.78;51380614.78;51380614.78;626913644.4999999
OLGA;9294104.379999999;9294104.379999999;9294104.379999999;9294104.379999999;9294104.379999999;9294104.379999999;9294104.379999999;9294104.379999999;9294104.379999999;9294104.379999999;9294104.379999999;9294104.379999999;111529252.55999996
DON SAID;107846682.89999999;107846682.89999999;107846682.89999999;107846682.89999999;107846682.89999999;107846682.89999999;107846682.89999999;107846682.89999999;107846682.89999999;107846682.89999999;107846682.89999999;107846682.89999999;1294160194.8000002
ASUNTINA;48750207.879999995;48750207.879999995;48750207.879999995;48750207.879999995;48750207.879999995;48750207.879999995;48750207.879999995;48750207.879999995;48750207.879999995;48750207.879999995;48750207.879999995;48750207.879999995;585002494.56
PORLAMAR;95922171.61999999;95922171.61999999;95922171.61999999;95922171.61999999;95922171.61999999;95922171.61999999;95922171.61999999;95922171.61999999;95922171.61999999;95922171.61999999;95922171.61999999;95922171.61999999;1151066059.4399998
EL MORRO;9469464.84;9469464.84;9469464.84;9469464.84;9469464.84;9469464.84;9469464.84;9469464.84;9469464.84;9469464.84;9469464.84;9469464.84;113633578.08000003
LA PERLA;10872348.52;10872348.52;10872348.52;10872348.52;10872348.52;10872348.52;10872348.52;10872348.52;10872348.52;10872348.52;10872348.52;10872348.52;130468182.23999996
ARACATACA;54186382.14;54186382.14;54186382.14;54186382.14;54186382.14;54186382.14;54186382.14;54186382.14;54186382.14;54186382.14;54186382.14;54186382.14;650236585.68
BOCATOMA;25602627.16;25602627.16;25602627.16;25602627.16;25602627.16;25602627.16;25602627.16;25602627.16;25602627.16;25602627.16;25602627.16;25602627.16;307231525.92
JOYA;44366196.379999995;44366196.379999995;44366196.379999995;44366196.379999995;44366196.379999995;44366196.379999995;44366196.379999995;44366196.379999995;44366196.379999995;44366196.379999995;44366196.379999995;44366196.379999995;532394356.55999994
ESMERALDA;0.0;0.0;0.0;0.0;0.0;0.0;0.0;0.0;0.0;0.0;0.0;0.0;0.0
NARANJOS;19289650.599999998;19289650.599999998;19289650.599999998;19289650.599999998;19289650.599999998;19289650.599999998;19289650.599999998;19289650.599999998;19289650.599999998;19289650.599999998;19289650.599999998;19289650.599999998;231475807.19999996
YUNQUE;12099871.74;12099871.74;12099871.74;12099871.74;12099871.74;12099871.74;12099871.74;12099871.74;12099871.74;12099871.74;12099871.74;12099871.74;145198460.87999997
DONAMA;26479429.459999997;26479429.459999997;26479429.459999997;26479429.459999997;26479429.459999997;26479429.459999997;26479429.459999997;26479429.459999997;26479429.459999997;26479429.459999997;26479429.459999997;26479429.459999997;317753153.52
BURDEOS;0.0;0.0;0.0;0.0;0.0;0.0;0.0;0.0;0.0;0.0;0.0;0.0;0.0
DON MARCE SUR 2;12801313.58;12801313.58;12801313.58;12801313.58;12801313.58;12801313.58;12801313.58;12801313.58;12801313.58;12801313.58;12801313.58;12801313.58;153615762.96
LAS MARGARITAS;21569336.58;21569336.58;21569336.58;21569336.58;21569336.58;21569336.58;21569336.58;21569336.58;21569336.58;21569336.58;21569336.58;21569336.58;258832038.95999992
LA CECILIA;11223069.44;11223069.44;11223069.44;11223069.44;11223069.44;11223069.44;11223069.44;11223069.44;11223069.44;11223069.44;11223069.44;11223069.44;134676833.28
JOSEFINA;15080999.559999999;15080999.559999999;15080999.559999999;15080999.559999999;15080999.559999999;15080999.559999999;15080999.559999999;15080999.559999999;15080999.559999999;15080999.559999999;15080999.559999999;15080999.559999999;180971994.72
SAN ALFREDO;8943383.459999999;8943383.459999999;8943383.459999999;8943383.459999999;8943383.459999999;8943383.459999999;8943383.459999999;8943383.459999999;8943383.459999999;8943383.459999999;8943383.459999999;8943383.459999999;107320601.51999997
VICTORIA;35072092.0;35072092.0;35072092.0;35072092.0;35072092.0;35072092.0;35072092.0;35072092.0;35072092.0;35072092.0;35072092.0;35072092.0;420865104.0
CIRCASIA;21569336.58;21569336.58;21569336.58;21569336.58;21569336.58;21569336.58;21569336.58;21569336.58;21569336.58;21569336.58;21569336.58;21569336.58;258832038.95999992
CIENAGA;9118743.92;9118743.92;9118743.92;9118743.92;9118743.92;9118743.92;9118743.92;9118743.92;9118743.92;9118743.92;9118743.92;9118743.92;109424927.04
MARIA;8241941.619999999;8241941.619999999;8241941.619999999;8241941.619999999;8241941.619999999;8241941.619999999;8241941.619999999;8241941.619999999;8241941.619999999;8241941.619999999;8241941.619999999;8241941.619999999;98903299.44
REMANSO;67689137.56;67689137.56;67689137.56;67689137.56;67689137.56;67689137.56;67689137.56;67689137.56;67689137.56;67689137.56;67689137.56;67689137.56;812269650.7199998
PIEDECUESTA;29109836.36;29109836.36;29109836.36;29109836.36;29109836.36;29109836.36;29109836.36;29109836.36;29109836.36;29109836.36;29109836.36;29109836.36;349318036.3200001
NAUTICA;75931079.17999999;75931079.17999999;75931079.17999999;75931079.17999999;75931079.17999999;71547067.67999999;58395033.18;58395033.18;58395033.18;58395033.18;58395033.18;58395033.18;801572662.6599997
LAS LINAS;52257417.08;52257417.08;52257417.08;52257417.08;51380614.78;48224126.5;48224126.5;49100928.8;51731335.699999996;51731335.699999996;51731335.699999996;51731335.699999996;612884807.7
DON ALI;34370650.16;34370650.16;34370650.16;34370650.16;34370650.16;33493847.86;32792406.02;32792406.02;32792406.02;32792406.02;32792406.02;32792406.02;402101534.7799999
DR4 DON ALI;3331848.7399999998;3331848.7399999998;3331848.7399999998;3331848.7399999998;3331848.7399999998;3331848.7399999998;3331848.7399999998;3331848.7399999998;3331848.7399999998;3331848.7399999998;3331848.7399999998;3331848.7399999998;39982184.879999995
DON CARLOS;10346267.139999999;10346267.139999999;10346267.139999999;10346267.139999999;10346267.139999999;10346267.139999999;10346267.139999999;10346267.139999999;10346267.139999999;10346267.139999999;10346267.139999999;10346267.139999999;124155205.67999999
EVA NORTE;81016532.52;80315090.67999999;77860044.24;78561486.08;79262927.92;79262927.92;79262927.92;79262927.92;79262927.92;79262927.92;79262927.92;79262927.92;951856576.8799998
DON PEDRO;39105382.58;39105382.58;39105382.58;39105382.58;39105382.58;39105382.58;39105382.58;39105382.58;39105382.58;39105382.58;39105382.58;39105382.58;469264590.95999986
LA VELA;27005510.84;27005510.84;27005510.84;27005510.84;27005510.84;26654789.919999998;26304069.0;26304069.0;26304069.0;26304069.0;26304069.0;26304069.0;319506758.12
ESPERANZA;26304069.0;26479429.459999997;26479429.459999997;26479429.459999997;26479429.459999997;24901185.32;23498301.64;23498301.64;23498301.64;23498301.64;23498301.64;23498301.64;298112781.9999999
LINA MARGARITA;15782441.399999999;15782441.399999999;15782441.399999999;15782441.399999999;16834604.16;19465011.06;19640371.52;19640371.52;19640371.52;19640371.52;19640371.52;19640371.52;217271609.94000003
DON MARCE;24199743.48;29986638.66;35948894.3;39806824.42;39806824.42;39806824.42;39806824.42;39806824.42;39806824.42;39806824.42;39806824.42;39806824.42;448396696.2200001
ENANO;350000.0;350000.0;350000.0;350000.0;350000.0;350000.0;350000.0;350000.0;350000.0;350000.0;350000.0;350000.0;4200000.0
EVA;200000.0;200000.0;200000.0;200000.0;200000.0;200000.0;200000.0;200000.0;200000.0;200000.0;200000.0;200000.0;2400000.0
SAMI;330000.0;330000.0;330000.0;330000.0;330000.0;330000.0;330000.0;330000.0;330000.0;330000.0;330000.0;330000.0;3960000.0
VEGA;250000.0;250000.0;250000.0;250000.0;250000.0;250000.0;250000.0;250000.0;250000.0;250000.0;250000.0;250000.0;3000000.0
FEDERICA;200000.0;200000.0;200000.0;200000.0;200000.0;200000.0;200000.0;200000.0;200000.0;200000.0;200000.0;200000.0;2400000.0
NEERLANDIA;2988804.0;2988804.0;2988804.0;2988804.0;2988804.0;2988804.0;2988804.0;2988804.0;2988804.0;2988804.0;2988804.0;2988804.0;35865648.0
SAN ANTONIO;2988804.0;2988804.0;2988804.0;2988804.0;2988804.0;2988804.0;2988804.0;2988804.0;2988804.0;2988804.0;2988804.0;2988804.0;35865648.0
MRS;350000.0;350000.0;350000.0;350000.0;350000.0;350000.0;350000.0;350000.0;350000.0;350000.0;350000.0;350000.0;4200000.0
DON FUAD;500000.0;500000.0;500000.0;500000.0;500000.0;500000.0;500000.0;500000.0;500000.0;500000.0;500000.0;500000.0;6000000.0
EUFEMIA;200000.0;200000.0;200000.0;200000.0;200000.0;200000.0;200000.0;200000.0;200000.0;200000.0;200000.0;200000.0;2400000.0
OLGA;200000.0;200000.0;200000.0;200000.0;200000.0;200000.0;200000.0;200000.0;200000.0;200000.0;200000.0;200000.0;2400000.0
DON SAID;230000.0;230000.0;230000.0;230000.0;230000.0;230000.0;230000.0;230000.0;230000.0;230000.0;230000.0;230000.0;2760000.0
ASUNTINA;350000.0;350000.0;350000.0;350000.0;350000.0;350000.0;350000.0;350000.0;350000.0;350000.0;350000.0;350000.0;4200000.0
PORLAMAR;500000.0;500000.0;500000.0;500000.0;500000.0;500000.0;500000.0;500000.0;500000.0;500000.0;500000.0;500000.0;6000000.0
EL MORRO;0.0;0.0;0.0;0.0;0.0;0.0;0.0;0.0;0.0;0.0;0.0;0.0;0.0
LA PERLA;0.0;0.0;0.0;0.0;0.0;0.0;0.0;0.0;0.0;0.0;0.0;0.0;0.0
ARACATACA;400000.0;400000.0;400000.0;400000.0;400000.0;400000.0;400000.0;400000.0;400000.0;400000.0;400000.0;400000.0;4800000.0
BOCATOMA;0.0;0.0;0.0;0.0;0.0;0.0;0.0;0.0;0.0;0.0;0.0;0.0;0.0
JOYA;400000.0;400000.0;400000.0;400000.0;400000.0;400000.0;400000.0;400000.0;400000.0;400000.0;400000.0;400000.0;4800000.0
ESMERALDA;0.0;0.0;0.0;0.0;0.0;0.0;0.0;0.0;0.0;0.0;0.0;0.0;0.0
NARANJOS;4533741.33;4533741.33;4533741.33;4533741.33;4533741.33;4533741.33;4533741.33;4533741.33;4533741.33;4533741.33;4533741.33;4533741.33;54404895.959999986
YUNQUE;4707005.33;4707005.33;4707005.33;4707005.33;4707005.33;4707005.33;4707005.33;4707005.33;4707005.33;4707005.33;4707005.33;4707005.33;56484063.959999986
DONAMA;8663200.0;8663200.0;8663200.0;8663200.0;8663200.0;8663200.0;8663200.0;8663200.0;8663200.0;8663200.0;8663200.0;8663200.0;103958400.0
BURDEOS;0.0;0.0;0.0;0.0;0.0;0.0;0.0;0.0;0.0;0.0;0.0;0.0;0.0
DON MARCE SUR 2;200000.0;200000.0;200000.0;200000.0;200000.0;200000.0;200000.0;200000.0;200000.0;200000.0;200000.0;200000.0;2400000.0
LAS MARGARITAS;200000.0;200000.0;200000.0;200000.0;200000.0;200000.0;200000.0;200000.0;200000.0;200000.0;200000.0;200000.0;2400000.0
LA CECILIA;200000.0;200000.0;200000.0;200000.0;200000.0;200000.0;200000.0;200000.0;200000.0;200000.0;200000.0;200000.0;2400000.0
JOSEFINA;200000.0;200000.0;200000.0;200000.0;200000.0;200000.0;200000.0;200000.0;200000.0;200000.0;200000.0;200000.0;2400000.0
SAN ALFREDO;200000.0;200000.0;200000.0;200000.0;200000.0;200000.0;200000.0;200000.0;200000.0;200000.0;200000.0;200000.0;2400000.0
VICTORIA;400000.0;400000.0;400000.0;400000.0;400000.0;400000.0;400000.0;400000.0;400000.0;400000.0;400000.0;400000.0;4800000.0
CIRCASIA;400000.0;400000.0;400000.0;400000.0;400000.0;400000.0;400000.0;400000.0;400000.0;400000.0;400000.0;400000.0;4800000.0
CIENAGA;50000.0;50000.0;50000.0;50000.0;50000.0;50000.0;50000.0;50000.0;50000.0;50000.0;50000.0;50000.0;600000.0
MARIA;200000.0;200000.0;200000.0;200000.0;200000.0;200000.0;200000.0;200000.0;200000.0;200000.0;200000.0;200000.0;2400000.0
REMANSO;0.0;0.0;0.0;0.0;0.0;0.0;0.0;0.0;0.0;0.0;0.0;0.0;0.0
PIEDECUESTA;0.0;0.0;0.0;0.0;0.0;0.0;0.0;0.0;0.0;0.0;0.0;0.0;0.0
NAUTICA;119125440.0;119125440.0;119125440.0;119125440.0;119125440.0;119125440.0;119125440.0;119125440.0;119125440.0;119125440.0;119125440.0;119125440.0;1429505280.0
LAS LINAS;900000.0;900000.0;900000.0;900000.0;900000.0;900000.0;900000.0;900000.0;900000.0;900000.0;900000.0;900000.0;10800000.0
DON ALI;34164000.0;34164000.0;34164000.0;34164000.0;34164000.0;34164000.0;34164000.0;34164000.0;34164000.0;34164000.0;34164000.0;34164000.0;409968000.0
DR4 DON ALI;0.0;0.0;0.0;0.0;0.0;0.0;0.0;0.0;0.0;0.0;0.0;0.0;0.0
DON CARLOS;0.0;0.0;0.0;0.0;0.0;0.0;0.0;0.0;0.0;0.0;0.0;0.0;0.0
EVA NORTE;147460352.0;147460352.0;147460352.0;147460352.0;147460352.0;147460352.0;147460352.0;147460352.0;147460352.0;147460352.0;147460352.0;147460352.0;1769524224.0
DON PEDRO;24648000.0;24648000.0;24648000.0;24648000.0;24648000.0;24648000.0;24648000.0;24648000.0;24648000.0;24648000.0;24648000.0;24648000.0;295776000.0
LA VELA;0.0;0.0;0.0;0.0;0.0;0.0;0.0;0.0;0.0;0.0;0.0;0.0;0.0
ESPERANZA;24648000.0;24648000.0;24648000.0;24648000.0;24648000.0;24648000.0;24648000.0;24648000.0;24648000.0;24648000.0;24648000.0;24648000.0;295776000.0
LINA MARGARITA;0.0;0.0;0.0;0.0;0.0;0.0;0.0;0.0;0.0;0.0;0.0;0.0;0.0
DON MARCE;400000.0;400000.0;400000.0;400000.0;400000.0;400000.0;400000.0;400000.0;400000.0;400000.0;400000.0;400000.0;4800000.0
ENANO;0.0;0.0;1755000.0;17670000.0;0.0;0.0;0.0;17670000.0;0.0;0.0;0.0;17670000.0;54765000.0
EVA;0.0;0.0;1755000.0;12825000.0;0.0;0.0;0.0;12825000.0;0.0;0.0;0.0;12825000.0;40230000.0
SAMI;0.0;0.0;1755000.0;18335000.0;0.0;0.0;0.0;18335000.0;0.0;0.0;0.0;18335000.0;56760000.0
VEGA;0.0;0.0;1755000.0;7125000.0;0.0;0.0;0.0;7125000.0;0.0;0.0;0.0;7125000.0;23130000.0
FEDERICA;0.0;0.0;1755000.0;20615000.0;0.0;0.0;0.0;20615000.0;0.0;0.0;0.0;20615000.0;63600000.0
NEERLANDIA;0.0;0.0;1755000.0;13680000.0;0.0;0.0;0.0;13680000.0;0.0;0.0;0.0;13680000.0;42795000.0
SAN ANTONIO;0.0;0.0;1755000.0;14915000.0;0.0;0.0;0.0;14915000.0;0.0;0.0;0.0;14915000.0;46500000.0
MRS;0.0;0.0;1755000.0;5890000.0;0.0;0.0;0.0;5890000.0;0.0;0.0;0.0;5890000.0;19425000.0
DON FUAD;0.0;0.0;1755000.0;18430000.0;0.0;0.0;0.0;18430000.0;0.0;0.0;0.0;18430000.0;57045000.0
EUFEMIA;0.0;0.0;1755000.0;29070000.0;0.0;0.0;0.0;27835000.0;0.0;0.0;0.0;27835000.0;86495000.0
OLGA;0.0;0.0;1755000.0;5035000.0;0.0;0.0;0.0;5035000.0;0.0;0.0;0.0;5035000.0;16860000.0
DON SAID;0.0;0.0;1755000.0;58425000.0;0.0;0.0;0.0;58425000.0;0.0;0.0;0.0;58425000.0;177030000.0
ASUNTINA;0.0;0.0;1755000.0;26410000.0;0.0;0.0;0.0;26410000.0;0.0;0.0;0.0;26410000.0;80985000.0
PORLAMAR;0.0;0.0;1755000.0;51965000.0;0.0;0.0;0.0;51965000.0;0.0;0.0;0.0;51965000.0;157650000.0
EL MORRO;0.0;0.0;1755000.0;5130000.0;0.0;0.0;0.0;5130000.0;0.0;0.0;0.0;5130000.0;17145000.0
LA PERLA;0.0;0.0;1755000.0;5890000.0;0.0;0.0;0.0;5890000.0;0.0;0.0;0.0;5890000.0;19425000.0
ARACATACA;0.0;0.0;1755000.0;29355000.0;0.0;0.0;0.0;29355000.0;0.0;0.0;0.0;29355000.0;89820000.0
BOCATOMA;0.0;0.0;1755000.0;13870000.0;0.0;0.0;0.0;13870000.0;0.0;0.0;0.0;13870000.0;43365000.0
JOYA;0.0;0.0;1755000.0;24035000.0;0.0;0.0;0.0;24035000.0;0.0;0.0;0.0;24035000.0;73860000.0
ESMERALDA;0.0;0.0;1755000.0;0.0;0.0;0.0;0.0;0.0;0.0;0.0;0.0;0.0;1755000.0
NARANJOS;0.0;0.0;1755000.0;10450000.0;0.0;0.0;0.0;10450000.0;0.0;0.0;0.0;10450000.0;33105000.0
YUNQUE;0.0;0.0;1755000.0;6555000.0;0.0;0.0;0.0;6555000.0;0.0;0.0;0.0;6555000.0;21420000.0
DONAMA;0.0;0.0;1755000.0;14345000.0;0.0;0.0;0.0;14345000.0;0.0;0.0;0.0;14345000.0;44790000.0
BURDEOS;0.0;0.0;1755000.0;0.0;0.0;0.0;0.0;0.0;0.0;0.0;0.0;0.0;1755000.0
DON MARCE SUR 2;0.0;0.0;1755000.0;6935000.0;0.0;0.0;0.0;6935000.0;0.0;0.0;0.0;6935000.0;22560000.0
LAS MARGARITAS;0.0;0.0;1755000.0;11685000.0;0.0;0.0;0.0;11685000.0;0.0;0.0;0.0;11685000.0;36810000.0
LA CECILIA;0.0;0.0;1755000.0;6080000.0;0.0;0.0;0.0;6080000.0;0.0;0.0;0.0;6080000.0;19995000.0
JOSEFINA;0.0;0.0;1755000.0;8170000.0;0.0;0.0;0.0;8170000.0;0.0;0.0;0.0;8170000.0;26265000.0
SAN ALFREDO;0.0;0.0;1755000.0;4845000.0;0.0;0.0;0.0;4845000.0;0.0;0.0;0.0;4845000.0;16290000.0
VICTORIA;0.0;0.0;1755000.0;19000000.0;0.0;0.0;0.0;19000000.0;0.0;0.0;0.0;19000000.0;58755000.0
CIRCASIA;0.0;0.0;1755000.0;11685000.0;0.0;0.0;0.0;11685000.0;0.0;0.0;0.0;11685000.0;36810000.0
CIENAGA;0.0;0.0;1755000.0;4940000.0;0.0;0.0;0.0;4940000.0;0.0;0.0;0.0;4940000.0;16575000.0
MARIA;0.0;0.0;1755000.0;4465000.0;0.0;0.0;0.0;4465000.0;0.0;0.0;0.0;4465000.0;15150000.0
REMANSO;0.0;0.0;1755000.0;36670000.0;0.0;0.0;0.0;36670000.0;0.0;0.0;0.0;36670000.0;111765000.0
PIEDECUESTA;0.0;0.0;1755000.0;15770000.0;0.0;0.0;0.0;15770000.0;0.0;0.0;0.0;15770000.0;49065000.0
NAUTICA;0.0;0.0;1755000.0;41135000.0;0.0;0.0;0.0;31635000.0;0.0;0.0;0.0;31635000.0;106160000.0
LAS LINAS;0.0;0.0;1755000.0;28310000.0;0.0;0.0;0.0;26600000.0;0.0;0.0;0.0;28025000.0;84690000.0
DON ALI;0.0;0.0;1755000.0;18620000.0;0.0;0.0;0.0;17765000.0;0.0;0.0;0.0;17765000.0;55905000.0
DR4 DON ALI;0.0;0.0;1755000.0;1805000.0;0.0;0.0;0.0;1805000.0;0.0;0.0;0.0;1805000.0;7170000.0
DON CARLOS;0.0;0.0;1755000.0;5605000.0;0.0;0.0;0.0;5605000.0;0.0;0.0;0.0;5605000.0;18570000.0
EVA NORTE;0.0;0.0;1755000.0;42560000.0;0.0;0.0;0.0;42940000.0;0.0;0.0;0.0;42940000.0;130195000.0
DON PEDRO;0.0;0.0;1755000.0;21185000.0;0.0;0.0;0.0;21185000.0;0.0;0.0;0.0;21185000.0;65310000.0
LA VELA;0.0;0.0;1755000.0;14630000.0;0.0;0.0;0.0;14250000.0;0.0;0.0;0.0;14250000.0;44885000.0
ESPERANZA;0.0;0.0;1755000.0;14345000.0;0.0;0.0;0.0;12730000.0;0.0;0.0;0.0;12730000.0;41560000.0
LINA MARGARITA;0.0;0.0;1755000.0;8550000.0;0.0;0.0;0.0;10640000.0;0.0;0.0;0.0;10640000.0;31585000.0
DON MARCE;0.0;0.0;1755000.0;21565000.0;0.0;0.0;0.0;21565000.0;0.0;0.0;0.0;21565000.0;66450000.0
ENANO;2288350.56;2288350.56;2860438.2;2288350.56;2288350.56;2860438.2;2338097.311304348;2922621.6391304354;2338097.311304348;2338097.311304348;2922621.6391304354;2338097.311304348;30071911.16347827
EVA;1660899.5999999999;1660899.5999999999;2076124.4999999998;1660899.5999999999;1660899.5999999999;2076124.4999999998;1697006.1130434782;2121257.6413043477;1697006.1130434782;1697006.1130434782;2121257.6413043477;1697006.1130434782;21826387.13478261
SAMI;2263744.6399999997;2349865.36;2968089.0999999996;2374471.28;2374471.28;2968089.0999999996;2426090.2208695654;3032612.7760869563;2426090.2208695654;2426090.2208695654;3032612.7760869563;2426090.2208695654;31068317.195652165
VEGA;922721.9999999999;922721.9999999999;1153402.4999999998;922721.9999999999;922721.9999999999;1153402.4999999998;942781.1739130435;1178476.4673913042;942781.1739130435;942781.1739130435;1178476.4673913042;942781.1739130435;12125770.630434781
FEDERICA;2669742.32;2620530.48;3244905.6999999993;2669742.32;2669742.32;3337177.9;2727780.196521739;3409725.245652174;2727780.196521739;2727780.196521739;3409725.245652174;2727780.196521739;34942412.317391306
NEERLANDIA;1771626.2399999998;1771626.2399999998;2214532.8;1771626.2399999998;1771626.2399999998;2214532.8;1810139.8539130434;2262674.8173913043;1810139.8539130434;1810139.8539130434;2262674.8173913043;1810139.8539130434;23281479.61043478
SAN ANTONIO;1931564.72;1931564.72;2414455.9;1931564.72;1931564.72;2414455.9;1973555.2573913045;2466944.0717391307;1973555.2573913045;1973555.2573913045;2466944.0717391307;1973555.2573913045;25383279.853043474
MRS;1094963.44;910419.0399999999;953479.3999999999;762783.5199999999;762783.5199999999;953479.3999999999;779365.7704347826;974207.2130434782;779365.7704347826;779365.7704347826;974207.2130434782;779365.7704347826;10503785.827826086
DON FUAD;2386774.2399999998;2386774.2399999998;2983467.8;2386774.2399999998;2386774.2399999998;2983467.8;2438660.636521739;3048325.795652174;2438660.636521739;2438660.636521739;3048325.795652174;2438660.636521739;31365326.697391298
EUFEMIA;3764705.76;3764705.76;4705882.199999999;3764705.76;3690887.9999999995;4505959.1;3683131.7860869565;4603914.7326086955;3683131.7860869565;3683131.7860869565;4603914.7326086955;3683131.7860869565;48137203.18956521
OLGA;652056.88;652056.88;815071.1;652056.88;652056.88;815071.1;666232.0295652174;832790.0369565218;666232.0295652174;666232.0295652174;832790.0369565218;666232.0295652174;8568877.912173914
DON SAID;7566320.399999999;7566320.399999999;9457900.5;7566320.399999999;7566320.399999999;9457900.5;7730805.626086957;9663507.032608697;7730805.626086957;7730805.626086957;9663507.032608697;7730805.626086957;99431319.1695652
ASUNTINA;3420222.88;3420222.88;4275278.6;3420222.88;3420222.88;4275278.6;3494575.551304348;4368219.439130435;3494575.551304348;3494575.551304348;4368219.439130435;3494575.551304348;44946189.803478256
PORLAMAR;6729719.119999999;6729719.119999999;8412148.899999999;6729719.119999999;6729719.119999999;8412148.899999999;6876017.361739131;8595021.702173913;6876017.361739131;6876017.361739131;8595021.702173913;6876017.361739131;88437287.13130434
EL MORRO;664359.84;664359.84;830449.7999999999;664359.84;664359.84;830449.7999999999;678802.4452173914;848503.0565217391;678802.4452173914;678802.4452173914;848503.0565217391;678802.4452173914;8730554.853913043
LA PERLA;762783.5199999999;762783.5199999999;953479.3999999999;762783.5199999999;762783.5199999999;953479.3999999999;779365.7704347826;974207.2130434782;779365.7704347826;779365.7704347826;974207.2130434782;779365.7704347826;10023970.387826085
ARACATACA;3801614.6399999997;3801614.6399999997;4752018.3;3801614.6399999997;3801614.6399999997;4752018.3;3884258.4365217392;4855323.045652174;3884258.4365217392;3884258.4365217392;4855323.045652174;3884258.4365217392;49958174.997391306
BOCATOMA;1796232.16;1796232.16;2245290.1999999997;1796232.16;1796232.16;2245290.1999999997;1835280.6852173915;2294100.856521739;1835280.6852173915;1835280.6852173915;2294100.856521739;1835280.6852173915;23604833.493913043
JOYA;3112648.88;3112648.88;3890811.0999999996;3112648.88;3112648.88;3890811.0999999996;3180315.16;3975393.95;3180315.16;3180315.16;3975393.95;3180315.16;40904266.260000005
ESMERALDA;0.0;0.0;0.0;0.0;0.0;0.0;0.0;0.0;0.0;0.0;0.0;0.0;0.0
NARANJOS;1353325.5999999999;1353325.5999999999;1691656.9999999998;1353325.5999999999;1353325.5999999999;1691656.9999999998;1382745.7217391303;1728432.152173913;1382745.7217391303;1382745.7217391303;1728432.152173913;1382745.7217391303;17784463.591304347
YUNQUE;848904.24;848904.24;1061130.3;848904.24;848904.24;1061130.3;867358.68;1084198.35;867358.68;867358.68;1084198.35;867358.68;11155708.979999999
DONAMA;1857746.96;1857746.96;2322183.7;1857746.96;1857746.96;2322183.7;1898132.763478261;2372665.9543478265;1898132.763478261;1898132.763478261;2372665.9543478265;1898132.763478261;24413218.202608693
BURDEOS;0.0;0.0;0.0;0.0;0.0;0.0;0.0;0.0;0.0;0.0;0.0;0.0;0.0
DON MARCE SUR 2;898116.08;898116.08;1122645.0999999999;898116.08;898116.08;1122645.0999999999;917640.3426086957;1147050.4282608696;917640.3426086957;917640.3426086957;1147050.4282608696;917640.3426086957;11802416.746956522
LAS MARGARITAS;1513264.0799999998;1513264.0799999998;1891580.0999999999;1513264.0799999998;1513264.0799999998;1891580.0999999999;1546161.1252173912;1932701.4065217392;1546161.1252173912;1546161.1252173912;1932701.4065217392;1546161.1252173912;19886263.833913043
LA CECILIA;787389.44;787389.44;984236.7999999999;787389.44;787389.44;984236.7999999999;804506.6017391304;1005633.2521739131;804506.6017391304;804506.6017391304;1005633.2521739131;804506.6017391304;10347324.271304348
JOSEFINA;1058054.5599999998;1058054.5599999998;1322568.1999999997;1058054.5599999998;1058054.5599999998;1322568.1999999997;1081055.7460869565;1351319.6826086955;1081055.7460869565;1081055.7460869565;1351319.6826086955;1081055.7460869565;13904216.989565218
SAN ALFREDO;627450.96;627450.96;784313.7;627450.96;627450.96;784313.7;641091.1982608696;801363.9978260869;641091.1982608696;641091.1982608696;801363.9978260869;641091.1982608696;8245524.028695654
VICTORIA;2460592.0;2460592.0;3075740.0;2460592.0;2460592.0;3075740.0;2514083.1304347827;3142603.9130434785;2514083.1304347827;2514083.1304347827;3142603.9130434785;2514083.1304347827;32335388.34782608
CIRCASIA;1513264.0799999998;1513264.0799999998;1891580.0999999999;1513264.0799999998;1513264.0799999998;1891580.0999999999;1546161.1252173912;1932701.4065217392;1546161.1252173912;1546161.1252173912;1932701.4065217392;1546161.1252173912;19886263.833913043
CIENAGA;639753.9199999999;639753.9199999999;799692.3999999999;639753.9199999999;639753.9199999999;799692.3999999999;653661.6139130435;817077.0173913044;653661.6139130435;653661.6139130435;817077.0173913044;653661.6139130435;8407200.970434783
MARIA;578239.12;578239.12;722798.9;578239.12;578239.12;722798.9;590809.5356521739;738511.9195652175;590809.5356521739;590809.5356521739;738511.9195652175;590809.5356521739;7598816.26173913
REMANSO;4748942.56;4748942.56;5936178.199999999;4748942.56;4748942.56;5936178.199999999;4852180.441739131;6065225.5521739125;4852180.441739131;4852180.441739131;6065225.5521739125;4852180.441739131;62407299.511304334
PIEDECUESTA;2042291.3599999999;2042291.3599999999;2552864.1999999997;2042291.3599999999;2042291.3599999999;2552864.1999999997;2086688.9982608696;2608361.247826087;2086688.9982608696;2086688.9982608696;2608361.247826087;2086688.9982608696;26838372.328695655
NAUTICA;5327181.68;5327181.68;6658977.1;5327181.68;5327181.68;6274509.6;4185948.4121739133;5232435.515217392;4185948.4121739133;4185948.4121739133;5232435.515217392;4185948.4121739133;61450878.09913044
LAS LINAS;3666282.0799999996;3666282.0799999996;4582852.6;3666282.0799999996;3604767.28;4229142.499999999;3456864.304347826;4399645.47826087;3708272.6173913046;3708272.6173913046;4635340.771739131;3708272.6173913046;47032277.02652174
DON ALI;2411380.1599999997;2411380.1599999997;3014225.1999999997;2411380.1599999997;2411380.1599999997;2937331.6999999997;2350667.726956522;2938334.658695652;2350667.726956522;2350667.726956522;2938334.658695652;2350667.726956522;30876417.7652174
DR4 DON ALI;233756.24;233756.24;292195.3;233756.24;233756.24;292195.3;238837.89739130437;298547.37173913047;238837.89739130437;238837.89739130437;298547.37173913047;238837.89739130437;3071861.8930434785
DON CARLOS;725874.6399999999;725874.6399999999;907343.2999999998;725874.6399999999;725874.6399999999;907343.2999999998;741654.5234782608;927068.154347826;741654.5234782608;741654.5234782608;927068.154347826;741654.5234782608;9538939.562608695
EVA NORTE;5683967.52;5634755.68;6828142.799999999;5511726.08;5560937.92;6951172.4;5681827.874782609;7102284.8434782615;5681827.874782609;5681827.874782609;7102284.8434782615;5681827.874782609;73102583.58608694
DON PEDRO;2743560.0799999996;2743560.0799999996;3429450.0999999996;2743560.0799999996;2743560.0799999996;3429450.0999999996;2803202.6904347823;3504003.363043478;2803202.6904347823;2803202.6904347823;3504003.363043478;2803202.6904347823;36053958.00782609
LA VELA;1894655.8399999999;1894655.8399999999;2368319.8;1894655.8399999999;1894655.8399999999;2337562.4;1885562.347826087;2356952.9347826084;1885562.347826087;1885562.347826087;2356952.9347826084;1885562.347826087;24540660.820869565
ESPERANZA;1845443.9999999998;1857746.96;2322183.7;1857746.96;1857746.96;2183775.4;1684435.6973913044;2105544.6217391305;1684435.6973913044;1684435.6973913044;2105544.6217391305;1684435.6973913044;22873476.01304348
LINA MARGARITA;1107266.4;1107266.4;1384083.0;1107266.4;1181084.16;1707035.6999999997;1407886.5530434784;1759858.191304348;1407886.5530434784;1407886.5530434784;1759858.191304348;1407886.5530434784;16745264.654782612
DON MARCE;1697808.48;2103806.1599999997;3152633.5;2792771.92;2792771.92;3490964.9;2853484.3530434784;3566855.441304348;2853484.3530434784;2853484.3530434784;3566855.441304348;2853484.3530434784;34578405.17478261
ENANO;433999.38;433999.38;433999.38;433999.38;433999.38;2479999.38;433999.38;433999.38;5083999.38;733999.38;433999.38;433999.38;12203992.56
EVA;314999.55;314999.55;314999.55;314999.55;314999.55;1799999.55;314999.55;314999.55;3689999.5500000003;614999.55;314999.55;314999.55;8939994.6
SAMI;429332.72;445666.02999999997;450332.69;450332.69;450332.69;2573332.69;450332.69;450332.69;5275332.69;750332.69;450332.69;450332.69;12626325.65
VEGA;174999.75;174999.75;174999.75;174999.75;174999.75;999999.75;174999.75;174999.75;2049999.7500000002;474999.75;174999.75;174999.75;5099997.0
FEDERICA;506332.61;496999.29;492332.63;506332.61;506332.61;2893332.61;506332.61;506332.61;5931332.61;806332.61;506332.61;506332.61;14164658.02
NEERLANDIA;335999.52;335999.52;335999.52;335999.52;335999.52;1919999.52;335999.52;335999.52;3935999.5200000005;635999.52;335999.52;335999.52;9515994.24
SAN ANTONIO;366332.81;366332.81;366332.81;366332.81;366332.81;2093332.81;366332.81;366332.81;4291332.8100000005;666332.81;366332.81;366332.81;10347993.72
MRS;207666.37;172666.41999999998;144666.46;144666.46;144666.46;826666.46;144666.46;144666.46;1694666.4600000002;444666.45999999996;144666.46;144666.46;4358997.39
DON FUAD;452666.01999999996;452666.01999999996;452666.01999999996;452666.01999999996;452666.01999999996;2586666.02;452666.01999999996;452666.01999999996;5302666.0200000005;752666.02;452666.01999999996;452666.01999999996;12715992.239999998
EUFEMIA;713998.98;713998.98;713998.98;713998.98;699999.0;3906665.69;683665.69;683665.69;8008665.69;983665.69;683665.69;683665.69;19189654.750000004
OLGA;123666.48999999999;123666.48999999999;123666.48999999999;123666.48999999999;123666.48999999999;706666.49;123666.48999999999;123666.48999999999;1448666.49;423666.49;123666.48999999999;123666.48999999999;3691997.880000001
DON SAID;1434997.95;1434997.95;1434997.95;1434997.95;1434997.95;8199997.95;1434997.95;1434997.95;16809997.95;1734997.95;1434997.95;1434997.95;39659975.400000006
ASUNTINA;648665.74;648665.74;648665.74;648665.74;648665.74;3706665.7399999998;648665.74;648665.74;7598665.74;948665.74;648665.74;648665.74;18091988.879999995
PORLAMAR;1276331.51;1276331.51;1276331.51;1276331.51;1276331.51;7293331.51;1276331.51;1276331.51;14951331.510000002;1576331.51;1276331.51;1276331.51;35307978.12
EL MORRO;125999.81999999999;125999.81999999999;125999.81999999999;125999.81999999999;125999.81999999999;719999.82;125999.81999999999;125999.81999999999;1475999.82;425999.82;125999.81999999999;125999.81999999999;3755997.8399999994
LA PERLA;144666.46;144666.46;144666.46;144666.46;144666.46;826666.46;144666.46;144666.46;1694666.4600000002;444666.45999999996;144666.46;144666.46;4267997.52
ARACATACA;720998.97;720998.97;720998.97;720998.97;720998.97;4119998.97;720998.97;720998.97;8445998.97;1020998.97;720998.97;720998.97;20075987.64
BOCATOMA;340666.18;340666.18;340666.18;340666.18;340666.18;1946666.18;340666.18;340666.18;3990666.18;640666.1799999999;340666.18;340666.18;9643994.16
JOYA;590332.49;590332.49;590332.49;590332.49;590332.49;3373332.4899999998;590332.49;590332.49;6915332.49;890332.49;590332.49;590332.49;16491989.88
ESMERALDA;0.0;0.0;0.0;0.0;0.0;0.0;0.0;0.0;0.0;300000.0;0.0;0.0;300000.0
NARANJOS;256666.3;256666.3;256666.3;256666.3;256666.3;1466666.3;256666.3;256666.3;3006666.3000000003;556666.3;256666.3;256666.3;7339995.599999999
YUNQUE;160999.77;160999.77;160999.77;160999.77;160999.77;919999.77;160999.77;160999.77;1885999.77;460999.77;160999.77;160999.77;4715997.239999999
DONAMA;352332.83;352332.83;352332.83;352332.83;352332.83;2013332.83;352332.83;352332.83;4127332.83;652332.8300000001;352332.83;352332.83;9963993.96
BURDEOS;0.0;0.0;0.0;0.0;0.0;0.0;0.0;0.0;0.0;300000.0;0.0;0.0;300000.0
DON MARCE SUR 2;170333.09;170333.09;170333.09;170333.09;170333.09;973333.09;170333.09;170333.09;1995333.09;470333.08999999997;170333.09;170333.09;4971997.08
LAS MARGARITAS;286999.58999999997;286999.58999999997;286999.58999999997;286999.58999999997;286999.58999999997;1639999.59;286999.58999999997;286999.58999999997;3361999.5900000003;586999.59;286999.58999999997;286999.58999999997;8171995.08
LA CECILIA;149333.12;149333.12;149333.12;149333.12;149333.12;853333.12;149333.12;149333.12;1749333.12;449333.12;149333.12;149333.12;4395997.44
JOSEFINA;200666.38;200666.38;200666.38;200666.38;200666.38;1146666.38;200666.38;200666.38;2350666.3800000004;500666.38;200666.38;200666.38;5803996.56
SAN ALFREDO;118999.83;118999.83;118999.83;118999.83;118999.83;679999.83;118999.83;118999.83;1393999.83;418999.83;118999.83;118999.83;3563997.9600000004
VICTORIA;466666.0;466666.0;466666.0;466666.0;466666.0;2666666.0;466666.0;466666.0;5466666.0;766666.0;466666.0;466666.0;13099992.0
CIRCASIA;286999.58999999997;286999.58999999997;286999.58999999997;286999.58999999997;286999.58999999997;1639999.59;286999.58999999997;286999.58999999997;3361999.5900000003;586999.59;286999.58999999997;286999.58999999997;8171995.08
CIENAGA;121333.16;121333.16;121333.16;121333.16;121333.16;693333.16;121333.16;121333.16;1421333.1600000001;421333.16000000003;121333.16;121333.16;3627997.9200000004
MARIA;109666.51;109666.51;109666.51;109666.51;109666.51;626666.51;109666.51;109666.51;1284666.51;409666.51;109666.51;109666.51;3307998.119999999
REMANSO;900665.38;900665.38;900665.38;900665.38;900665.38;5146665.38;900665.38;900665.38;10550665.38;1200665.38;900665.38;900665.38;25003984.56
PIEDECUESTA;387332.77999999997;387332.77999999997;387332.77999999997;387332.77999999997;387332.77999999997;2213332.78;387332.77999999997;387332.77999999997;4537332.78;687332.78;387332.77999999997;387332.77999999997;10923993.359999998
NAUTICA;1010331.89;1010331.89;1010331.89;1010331.89;1010331.89;5439998.64;776998.89;776998.89;9101998.89;1076998.8900000001;776998.89;776998.89;23778651.430000003
LAS LINAS;695332.34;695332.34;695332.34;695332.34;683665.69;3666665.75;641665.75;653332.4;8063332.350000001;988332.35;688332.35;688332.35;18854988.350000005
DON ALI;457332.68;457332.68;457332.68;457332.68;457332.68;2546666.03;436332.70999999996;436332.70999999996;5111332.71;736332.71;436332.70999999996;436332.70999999996;12426325.690000001
DR4 DON ALI;44333.27;44333.27;44333.27;44333.27;44333.27;253333.27;44333.27;44333.27;519333.27;344333.27;44333.27;44333.27;1515999.2400000002
DON CARLOS;137666.47;137666.47;137666.47;137666.47;137666.47;786666.47;137666.47;137666.47;1612666.4700000002;437666.47;137666.47;137666.47;4075997.6400000006
EVA NORTE;1077998.46;1068665.14;1035998.52;1045331.84;1054665.16;6026665.16;1054665.16;1054665.16;12354665.16;1354665.16;1054665.16;1054665.16;29237315.240000002
DON PEDRO;520332.58999999997;520332.58999999997;520332.58999999997;520332.58999999997;520332.58999999997;2973332.59;520332.58999999997;520332.58999999997;6095332.590000001;820332.59;520332.58999999997;520332.58999999997;14571991.079999998
LA VELA;359332.82;359332.82;359332.82;359332.82;359332.82;2026666.16;349999.5;349999.5;4099999.5000000005;649999.5;349999.5;349999.5;9973327.26
ESPERANZA;349999.5;352332.83;352332.83;352332.83;352332.83;1893332.86;312666.22;312666.22;3662666.22;612666.22;312666.22;312666.22;9178661.000000002
LINA MARGARITA;209999.69999999998;209999.69999999998;209999.69999999998;209999.69999999998;223999.68;1479999.63;261332.96;261332.96;3061332.96;561332.96;261332.96;261332.96;7211995.87
DON MARCE;321999.54;398999.43;478332.64999999997;529665.91;529665.91;3026665.91;529665.91;529665.91;6204665.91;829665.91;529665.91;529665.91;14438324.81
ENANO;11441770.212765956;0.0;0.0;0.0;0.0;0.0;0.0;0.0;0.0;0.0;0.0;11690504.347826086;23132274.56059204
EVA;8304510.638297872;0.0;0.0;0.0;0.0;0.0;0.0;0.0;0.0;0.0;0.0;8485043.47826087;16789554.11655874
SAMI;11318740.425531914;0.0;0.0;0.0;0.0;0.0;0.0;0.0;0.0;0.0;0.0;12130469.565217389;23449209.990749303
VEGA;4613617.021276595;0.0;0.0;0.0;0.0;0.0;0.0;0.0;0.0;0.0;0.0;4713913.04347826;9327530.064754855
FEDERICA;13348731.914893616;0.0;0.0;0.0;0.0;0.0;0.0;0.0;0.0;0.0;0.0;13638921.739130434;26987653.65402405
NEERLANDIA;8858144.680851063;0.0;0.0;0.0;0.0;0.0;0.0;0.0;0.0;0.0;0.0;9050713.04347826;17908857.724329323
SAN ANTONIO;9657838.29787234;0.0;0.0;0.0;0.0;0.0;0.0;0.0;0.0;0.0;0.0;9867791.304347824;19525629.602220163
MRS;5474825.531914894;0.0;0.0;0.0;0.0;0.0;0.0;0.0;0.0;0.0;0.0;3896834.7826086953;9371660.314523589
DON FUAD;11933889.361702127;0.0;0.0;0.0;0.0;0.0;0.0;0.0;0.0;0.0;0.0;12193321.739130434;24127211.10083256
EUFEMIA;18823557.44680851;0.0;0.0;0.0;0.0;0.0;0.0;0.0;0.0;0.0;0.0;18415686.95652174;37239244.40333025
OLGA;3260289.3617021274;0.0;0.0;0.0;0.0;0.0;0.0;0.0;0.0;0.0;0.0;3331165.2173913037;6591454.579093431
DON SAID;37831659.57446808;0.0;0.0;0.0;0.0;0.0;0.0;0.0;0.0;0.0;0.0;38654086.956521735;76485746.53098983
ASUNTINA;17101140.425531913;0.0;0.0;0.0;0.0;0.0;0.0;0.0;0.0;0.0;0.0;17472904.347826086;34574044.773358
PORLAMAR;33648646.80851064;0.0;0.0;0.0;0.0;0.0;0.0;0.0;0.0;0.0;0.0;34380139.13043478;68028785.93894541
EL MORRO;3321804.255319149;0.0;0.0;0.0;0.0;0.0;0.0;0.0;0.0;0.0;0.0;3394017.391304347;6715821.646623496
LA PERLA;3813923.404255319;0.0;0.0;0.0;0.0;0.0;0.0;0.0;0.0;0.0;0.0;3896834.7826086953;7710758.186864015
ARACATACA;19008102.127659574;0.0;0.0;0.0;0.0;0.0;0.0;0.0;0.0;0.0;0.0;19421321.739130434;38429423.86679001
BOCATOMA;8981174.468085106;0.0;0.0;0.0;0.0;0.0;0.0;0.0;0.0;0.0;0.0;9176417.391304346;18157591.859389454
JOYA;15563268.085106382;0.0;0.0;0.0;0.0;0.0;0.0;0.0;0.0;0.0;0.0;15901599.999999998;31464868.08510638
ESMERALDA;0.0;0.0;0.0;0.0;0.0;0.0;0.0;0.0;0.0;0.0;0.0;0.0;0.0
NARANJOS;6766638.29787234;0.0;0.0;0.0;0.0;0.0;0.0;0.0;0.0;0.0;0.0;6913739.130434781;13680377.428307122
YUNQUE;4244527.659574468;0.0;0.0;0.0;0.0;0.0;0.0;0.0;0.0;0.0;0.0;4336799.999999999;8581327.659574468
DONAMA;9288748.936170213;0.0;0.0;0.0;0.0;0.0;0.0;0.0;0.0;0.0;0.0;9490678.260869564;18779427.197039776
BURDEOS;0.0;0.0;0.0;0.0;0.0;0.0;0.0;0.0;0.0;0.0;0.0;0.0;0.0
DON MARCE SUR 2;4490587.234042553;0.0;0.0;0.0;0.0;0.0;0.0;0.0;0.0;0.0;0.0;4588208.695652173;9078795.929694727
LAS MARGARITAS;7566331.914893616;0.0;0.0;0.0;0.0;0.0;0.0;0.0;0.0;0.0;0.0;7730817.391304347;15297149.306197964
LA CECILIA;3936953.191489361;0.0;0.0;0.0;0.0;0.0;0.0;0.0;0.0;0.0;0.0;4022539.1304347822;7959492.3219241435
JOSEFINA;5290280.85106383;0.0;0.0;0.0;0.0;0.0;0.0;0.0;0.0;0.0;0.0;5405286.956521738;10695567.807585567
SAN ALFREDO;3137259.574468085;0.0;0.0;0.0;0.0;0.0;0.0;0.0;0.0;0.0;0.0;3205460.869565217;6342720.444033302
VICTORIA;12302978.723404255;0.0;0.0;0.0;0.0;0.0;0.0;0.0;0.0;0.0;0.0;12570434.782608693;24873413.506012946
CIRCASIA;7566331.914893616;0.0;0.0;0.0;0.0;0.0;0.0;0.0;0.0;0.0;0.0;7730817.391304347;15297149.306197964
CIENAGA;3198774.468085106;0.0;0.0;0.0;0.0;0.0;0.0;0.0;0.0;0.0;0.0;3268313.0434782603;6467087.511563366
MARIA;2891200.0;0.0;0.0;0.0;0.0;0.0;0.0;0.0;0.0;0.0;0.0;2954052.173913043;5845252.173913043
REMANSO;23744748.93617021;0.0;0.0;0.0;0.0;0.0;0.0;0.0;0.0;0.0;0.0;24260939.130434778;48005688.06660499
PIEDECUESTA;10211472.34042553;0.0;0.0;0.0;0.0;0.0;0.0;0.0;0.0;0.0;0.0;10433460.869565217;20644933.209990747
NAUTICA;26635948.93617021;0.0;0.0;0.0;0.0;0.0;0.0;0.0;0.0;0.0;0.0;20929773.913043477;47565722.84921369
LAS LINAS;18331438.29787234;0.0;0.0;0.0;0.0;0.0;0.0;0.0;0.0;0.0;0.0;18541391.304347824;36872829.60222016
DON ALI;12056919.14893617;0.0;0.0;0.0;0.0;0.0;0.0;0.0;0.0;0.0;0.0;11753356.521739129;23810275.6706753
DR4 DON ALI;1168782.9787234042;0.0;0.0;0.0;0.0;0.0;0.0;0.0;0.0;0.0;0.0;1194191.304347826;2362974.28307123
DON CARLOS;3629378.723404255;0.0;0.0;0.0;0.0;0.0;0.0;0.0;0.0;0.0;0.0;3708278.2608695645;7337656.984273819
EVA NORTE;28419880.85106383;0.0;0.0;0.0;0.0;0.0;0.0;0.0;0.0;0.0;0.0;28409182.60869565;56829063.459759474
DON PEDRO;13717821.276595743;0.0;0.0;0.0;0.0;0.0;0.0;0.0;0.0;0.0;0.0;14016034.782608693;27733856.059204437
LA VELA;9473293.617021276;0.0;0.0;0.0;0.0;0.0;0.0;0.0;0.0;0.0;0.0;9427826.08695652;18901119.703977793
ESPERANZA;9227234.04255319;0.0;0.0;0.0;0.0;0.0;0.0;0.0;0.0;0.0;0.0;8422191.304347824;17649425.346901014
LINA MARGARITA;5536340.425531914;0.0;0.0;0.0;0.0;0.0;0.0;0.0;0.0;0.0;0.0;7039443.478260868;12575783.903792784
DON MARCE;8489055.319148935;0.0;0.0;0.0;0.0;0.0;0.0;0.0;0.0;0.0;0.0;14267443.478260867;22756498.797409803
ENANO;284187.54000000004;284187.54000000004;284187.54000000004;284187.54000000004;284187.54000000004;284187.54000000004;284187.54000000004;284187.54000000004;284187.54000000004;284187.54000000004;284187.54000000004;284187.54000000004;3410250.4800000004
EVA;206265.15000000002;206265.15000000002;206265.15000000002;206265.15000000002;206265.15000000002;206265.15000000002;206265.15000000002;206265.15000000002;206265.15000000002;206265.15000000002;206265.15000000002;206265.15000000002;2475181.8
SAMI;281131.76;291826.99;294882.77;294882.77;294882.77;294882.77;294882.77;294882.77;294882.77;294882.77;294882.77;294882.77;3521786.45
VEGA;114591.75000000001;114591.75000000001;114591.75000000001;114591.75000000001;114591.75000000001;114591.75000000001;114591.75000000001;114591.75000000001;114591.75000000001;114591.75000000001;114591.75000000001;114591.75000000001;1375101.0000000002
FEDERICA;331552.13;325440.57;322384.79000000004;331552.13;331552.13;331552.13;331552.13;331552.13;331552.13;331552.13;331552.13;331552.13;3963346.659999999
NEERLANDIA;220016.16;220016.16;220016.16;220016.16;220016.16;220016.16;220016.16;220016.16;220016.16;220016.16;220016.16;220016.16;2640193.92
SAN ANTONIO;239878.73;239878.73;239878.73;239878.73;239878.73;239878.73;239878.73;239878.73;239878.73;239878.73;239878.73;239878.73;2878544.7600000002
MRS;135982.21000000002;113063.86;94729.18000000001;94729.18000000001;94729.18000000001;94729.18000000001;94729.18000000001;94729.18000000001;94729.18000000001;94729.18000000001;94729.18000000001;94729.18000000001;1196337.87
DON FUAD;296410.66000000003;296410.66000000003;296410.66000000003;296410.66000000003;296410.66000000003;296410.66000000003;296410.66000000003;296410.66000000003;296410.66000000003;296410.66000000003;296410.66000000003;296410.66000000003;3556927.9200000013
EUFEMIA;467534.34;467534.34;467534.34;467534.34;458367.00000000006;447671.77;447671.77;447671.77;447671.77;447671.77;447671.77;447671.77;5462206.75
OLGA;80978.17;80978.17;80978.17;80978.17;80978.17;80978.17;80978.17;80978.17;80978.17;80978.17;80978.17;80978.17;971738.0400000002
DON SAID;939652.3500000001;939652.3500000001;939652.3500000001;939652.3500000001;939652.3500000001;939652.3500000001;939652.3500000001;939652.3500000001;939652.3500000001;939652.3500000001;939652.3500000001;939652.3500000001;11275828.199999997
ASUNTINA;424753.42000000004;424753.42000000004;424753.42000000004;424753.42000000004;424753.42000000004;424753.42000000004;424753.42000000004;424753.42000000004;424753.42000000004;424753.42000000004;424753.42000000004;424753.42000000004;5097041.04
PORLAMAR;835755.8300000001;835755.8300000001;835755.8300000001;835755.8300000001;835755.8300000001;835755.8300000001;835755.8300000001;835755.8300000001;835755.8300000001;835755.8300000001;835755.8300000001;835755.8300000001;10029069.96
EL MORRO;82506.06000000001;82506.06000000001;82506.06000000001;82506.06000000001;82506.06000000001;82506.06000000001;82506.06000000001;82506.06000000001;82506.06000000001;82506.06000000001;82506.06000000001;82506.06000000001;990072.7200000003
LA PERLA;94729.18000000001;94729.18000000001;94729.18000000001;94729.18000000001;94729.18000000001;94729.18000000001;94729.18000000001;94729.18000000001;94729.18000000001;94729.18000000001;94729.18000000001;94729.18000000001;1136750.1600000004
ARACATACA;472118.01;472118.01;472118.01;472118.01;472118.01;472118.01;472118.01;472118.01;472118.01;472118.01;472118.01;472118.01;5665416.119999998
BOCATOMA;223071.94;223071.94;223071.94;223071.94;223071.94;223071.94;223071.94;223071.94;223071.94;223071.94;223071.94;223071.94;2676863.28
JOYA;386556.17000000004;386556.17000000004;386556.17000000004;386556.17000000004;386556.17000000004;386556.17000000004;386556.17000000004;386556.17000000004;386556.17000000004;386556.17000000004;386556.17000000004;386556.17000000004;4638674.04
ESMERALDA;0.0;0.0;0.0;0.0;0.0;0.0;0.0;0.0;0.0;0.0;0.0;0.0;0.0
NARANJOS;168067.90000000002;168067.90000000002;168067.90000000002;168067.90000000002;168067.90000000002;168067.90000000002;168067.90000000002;168067.90000000002;168067.90000000002;168067.90000000002;168067.90000000002;168067.90000000002;2016814.7999999998
YUNQUE;105424.41;105424.41;105424.41;105424.41;105424.41;105424.41;105424.41;105424.41;105424.41;105424.41;105424.41;105424.41;1265092.92
DONAMA;230711.39;230711.39;230711.39;230711.39;230711.39;230711.39;230711.39;230711.39;230711.39;230711.39;230711.39;230711.39;2768536.680000001
BURDEOS;0.0;0.0;0.0;0.0;0.0;0.0;0.0;0.0;0.0;0.0;0.0;0.0;0.0
DON MARCE SUR 2;111535.97;111535.97;111535.97;111535.97;111535.97;111535.97;111535.97;111535.97;111535.97;111535.97;111535.97;111535.97;1338431.64
LAS MARGARITAS;187930.47;187930.47;187930.47;187930.47;187930.47;187930.47;187930.47;187930.47;187930.47;187930.47;187930.47;187930.47;2255165.64
LA CECILIA;97784.96;97784.96;97784.96;97784.96;97784.96;97784.96;97784.96;97784.96;97784.96;97784.96;97784.96;97784.96;1173419.5199999998
JOSEFINA;131398.54;131398.54;131398.54;131398.54;131398.54;131398.54;131398.54;131398.54;131398.54;131398.54;131398.54;131398.54;1576782.4800000002
SAN ALFREDO;77922.39;77922.39;77922.39;77922.39;77922.39;77922.39;77922.39;77922.39;77922.39;77922.39;77922.39;77922.39;935068.68
VICTORIA;305578.0;305578.0;305578.0;305578.0;305578.0;305578.0;305578.0;305578.0;305578.0;305578.0;305578.0;305578.0;3666936.0
CIRCASIA;187930.47;187930.47;187930.47;187930.47;187930.47;187930.47;187930.47;187930.47;187930.47;187930.47;187930.47;187930.47;2255165.64
CIENAGA;79450.28;79450.28;79450.28;79450.28;79450.28;79450.28;79450.28;79450.28;79450.28;79450.28;79450.28;79450.28;953403.3600000002
MARIA;71810.83;71810.83;71810.83;71810.83;71810.83;71810.83;71810.83;71810.83;71810.83;71810.83;71810.83;71810.83;861729.9599999998
REMANSO;589765.54;589765.54;589765.54;589765.54;589765.54;589765.54;589765.54;589765.54;589765.54;589765.54;589765.54;589765.54;7077186.48
PIEDECUESTA;253629.74000000002;253629.74000000002;253629.74000000002;253629.74000000002;253629.74000000002;253629.74000000002;253629.74000000002;253629.74000000002;253629.74000000002;253629.74000000002;253629.74000000002;253629.74000000002;3043556.880000001
NAUTICA;661576.37;661576.37;661576.37;661576.37;661576.37;623379.12;508787.37000000005;508787.37000000005;508787.37000000005;508787.37000000005;508787.37000000005;508787.37000000005;6983985.19
LAS LINAS;455311.22000000003;455311.22000000003;455311.22000000003;455311.22000000003;447671.77;420169.75;420169.75;427809.2;450727.55000000005;450727.55000000005;450727.55000000005;450727.55000000005;5339975.55
DON ALI;299466.44;299466.44;299466.44;299466.44;299466.44;291826.99;285715.43;285715.43;285715.43;285715.43;285715.43;285715.43;3503451.7700000005
DR4 DON ALI;29029.910000000003;29029.910000000003;29029.910000000003;29029.910000000003;29029.910000000003;29029.910000000003;29029.910000000003;29029.910000000003;29029.910000000003;29029.910000000003;29029.910000000003;29029.910000000003;348358.92000000004
DON CARLOS;90145.51000000001;90145.51000000001;90145.51000000001;90145.51000000001;90145.51000000001;90145.51000000001;90145.51000000001;90145.51000000001;90145.51000000001;90145.51000000001;90145.51000000001;90145.51000000001;1081746.12
EVA NORTE;705885.18;699773.62;678383.16;684494.7200000001;690606.28;690606.28;690606.28;690606.28;690606.28;690606.28;690606.28;690606.28;8293386.920000002
DON PEDRO;340719.47000000003;340719.47000000003;340719.47000000003;340719.47000000003;340719.47000000003;340719.47000000003;340719.47000000003;340719.47000000003;340719.47000000003;340719.47000000003;340719.47000000003;340719.47000000003;4088633.640000001
LA VELA;235295.06000000003;235295.06000000003;235295.06000000003;235295.06000000003;235295.06000000003;232239.28000000003;229183.50000000003;229183.50000000003;229183.50000000003;229183.50000000003;229183.50000000003;229183.50000000003;2783815.58
ESPERANZA;229183.50000000003;230711.39;230711.39;230711.39;230711.39;216960.38;204737.26;204737.26;204737.26;204737.26;204737.26;204737.26;2597413.0
LINA MARGARITA;137510.1;137510.1;137510.1;137510.1;146677.44;169595.79;171123.68000000002;171123.68000000002;171123.68000000002;171123.68000000002;171123.68000000002;171123.68000000002;1893055.71
DON MARCE;210848.82;261269.19000000003;313217.45;346831.03;346831.03;346831.03;346831.03;346831.03;346831.03;346831.03;346831.03;346831.03;3906814.7300000014
ENANO;0.0;0.0;0.0;0.0;2790000.0;0.0;0.0;8556000.0;5100000.0;0.0;0.0;27342000.0;43788000.0
EVA;0.0;0.0;0.0;0.0;2025000.0;0.0;0.0;6210000.0;5100000.0;0.0;0.0;19845000.0;33180000.0
SAMI;0.0;0.0;0.0;0.0;2895000.0;0.0;0.0;8878000.0;5100000.0;0.0;0.0;28371000.0;45244000.0
VEGA;0.0;0.0;0.0;0.0;1125000.0;0.0;0.0;3450000.0;5100000.0;0.0;0.0;11025000.0;20700000.0
FEDERICA;0.0;0.0;0.0;0.0;3255000.0;0.0;0.0;9982000.0;5100000.0;0.0;0.0;31899000.0;50236000.0
NEERLANDIA;0.0;0.0;0.0;0.0;2160000.0;0.0;0.0;6624000.0;5100000.0;0.0;0.0;21168000.0;35052000.0
SAN ANTONIO;0.0;0.0;0.0;0.0;2355000.0;0.0;0.0;7222000.0;5100000.0;0.0;0.0;23079000.0;37756000.0
MRS;0.0;0.0;0.0;0.0;930000.0;0.0;0.0;2852000.0;5100000.0;0.0;0.0;9114000.0;17996000.0
DON FUAD;0.0;0.0;0.0;0.0;2910000.0;0.0;0.0;8924000.0;5100000.0;0.0;0.0;28518000.0;45452000.0
EUFEMIA;0.0;0.0;0.0;0.0;4500000.0;0.0;0.0;13478000.0;5100000.0;0.0;0.0;43071000.0;66149000.0
OLGA;0.0;0.0;0.0;0.0;795000.0;0.0;0.0;2438000.0;5100000.0;0.0;0.0;7791000.0;16124000.0
DON SAID;0.0;0.0;0.0;0.0;9225000.0;0.0;0.0;28290000.0;5100000.0;0.0;0.0;90405000.0;133020000.0
ASUNTINA;0.0;0.0;0.0;0.0;4170000.0;0.0;0.0;12788000.0;5100000.0;0.0;0.0;40866000.0;62924000.0
PORLAMAR;0.0;0.0;0.0;0.0;8205000.0;0.0;0.0;25162000.0;5100000.0;0.0;0.0;80409000.0;118876000.0
EL MORRO;0.0;0.0;0.0;0.0;810000.0;0.0;0.0;2484000.0;5100000.0;0.0;0.0;7938000.0;16332000.0
LA PERLA;0.0;0.0;0.0;0.0;930000.0;0.0;0.0;2852000.0;5100000.0;0.0;0.0;9114000.0;17996000.0
ARACATACA;0.0;0.0;0.0;0.0;4635000.0;0.0;0.0;14214000.0;5100000.0;0.0;0.0;45423000.0;69372000.0
BOCATOMA;0.0;0.0;0.0;0.0;2190000.0;0.0;0.0;6716000.0;5100000.0;0.0;0.0;21462000.0;35468000.0
JOYA;0.0;0.0;0.0;0.0;3795000.0;0.0;0.0;11638000.0;5100000.0;0.0;0.0;37191000.0;57724000.0
ESMERALDA;0.0;0.0;0.0;0.0;0.0;0.0;0.0;0.0;5100000.0;0.0;0.0;0.0;5100000.0
NARANJOS;0.0;0.0;0.0;0.0;1650000.0;0.0;0.0;5060000.0;5100000.0;0.0;0.0;16170000.0;27980000.0
YUNQUE;0.0;0.0;0.0;0.0;1035000.0;0.0;0.0;3174000.0;5100000.0;0.0;0.0;10143000.0;19452000.0
DONAMA;0.0;0.0;0.0;0.0;2265000.0;0.0;0.0;6946000.0;5100000.0;0.0;0.0;22197000.0;36508000.0
BURDEOS;0.0;0.0;0.0;0.0;0.0;0.0;0.0;0.0;5100000.0;0.0;0.0;0.0;5100000.0
DON MARCE SUR 2;0.0;0.0;0.0;0.0;1095000.0;0.0;0.0;3358000.0;5100000.0;0.0;0.0;10731000.0;20284000.0
LAS MARGARITAS;0.0;0.0;0.0;0.0;1845000.0;0.0;0.0;5658000.0;5100000.0;0.0;0.0;18081000.0;30684000.0
LA CECILIA;0.0;0.0;0.0;0.0;960000.0;0.0;0.0;2944000.0;5100000.0;0.0;0.0;9408000.0;18412000.0
JOSEFINA;0.0;0.0;0.0;0.0;1290000.0;0.0;0.0;3956000.0;5100000.0;0.0;0.0;12642000.0;22988000.0
SAN ALFREDO;0.0;0.0;0.0;0.0;765000.0;0.0;0.0;2346000.0;5100000.0;0.0;0.0;7497000.0;15708000.0
VICTORIA;0.0;0.0;0.0;0.0;3000000.0;0.0;0.0;9200000.0;5100000.0;0.0;0.0;29400000.0;46700000.0
CIRCASIA;0.0;0.0;0.0;0.0;1845000.0;0.0;0.0;5658000.0;5100000.0;0.0;0.0;18081000.0;30684000.0
CIENAGA;0.0;0.0;0.0;0.0;780000.0;0.0;0.0;2392000.0;5100000.0;0.0;0.0;7644000.0;15916000.0
MARIA;0.0;0.0;0.0;0.0;705000.0;0.0;0.0;2162000.0;5100000.0;0.0;0.0;6909000.0;14876000.0
REMANSO;0.0;0.0;0.0;0.0;5790000.0;0.0;0.0;17756000.0;5100000.0;0.0;0.0;56742000.0;85388000.0
PIEDECUESTA;0.0;0.0;0.0;0.0;2490000.0;0.0;0.0;7636000.0;5100000.0;0.0;0.0;24402000.0;39628000.0
NAUTICA;0.0;0.0;0.0;0.0;6495000.0;0.0;0.0;15318000.0;5100000.0;0.0;0.0;48951000.0;75864000.0
LAS LINAS;0.0;0.0;0.0;0.0;4395000.0;0.0;0.0;12880000.0;5100000.0;0.0;0.0;43365000.0;65740000.0
DON ALI;0.0;0.0;0.0;0.0;2940000.0;0.0;0.0;8602000.0;5100000.0;0.0;0.0;27489000.0;44131000.0
DR4 DON ALI;0.0;0.0;0.0;0.0;285000.0;0.0;0.0;874000.0;5100000.0;0.0;0.0;2793000.0;9052000.0
DON CARLOS;0.0;0.0;0.0;0.0;885000.0;0.0;0.0;2714000.0;5100000.0;0.0;0.0;8673000.0;17372000.0
EVA NORTE;0.0;0.0;0.0;0.0;6780000.0;0.0;0.0;20792000.0;5100000.0;0.0;0.0;66444000.0;99116000.0
DON PEDRO;0.0;0.0;0.0;0.0;3345000.0;0.0;0.0;10258000.0;5100000.0;0.0;0.0;32781000.0;51484000.0
LA VELA;0.0;0.0;0.0;0.0;2310000.0;0.0;0.0;6900000.0;5100000.0;0.0;0.0;22050000.0;36360000.0
ESPERANZA;0.0;0.0;0.0;0.0;2265000.0;0.0;0.0;6164000.0;5100000.0;0.0;0.0;19698000.0;33227000.0
LINA MARGARITA;0.0;0.0;0.0;0.0;1440000.0;0.0;0.0;5152000.0;5100000.0;0.0;0.0;16464000.0;28156000.0
DON MARCE;0.0;0.0;0.0;0.0;3405000.0;0.0;0.0;10442000.0;5100000.0;0.0;0.0;33369000.0;52316000.0
ENANO;1551240.0;1551240.0;1551240.0;1551240.0;1551240.0;1551240.0;1551240.0;1551240.0;1551240.0;1551240.0;1551240.0;1551240.0;18614880.0
EVA;1125900.0;1125900.0;1125900.0;1125900.0;1125900.0;1125900.0;1125900.0;1125900.0;1125900.0;1125900.0;1125900.0;1125900.0;13510800.0
SAMI;1534560.0;1592940.0;1609620.0;1609620.0;1609620.0;1609620.0;1609620.0;1609620.0;1609620.0;1609620.0;1609620.0;1609620.0;19223700.0
VEGA;625500.0;625500.0;625500.0;625500.0;625500.0;625500.0;625500.0;625500.0;625500.0;625500.0;625500.0;625500.0;7506000.0
FEDERICA;1809780.0;1776420.0;1759740.0;1809780.0;1809780.0;1809780.0;1809780.0;1809780.0;1809780.0;1809780.0;1809780.0;1809780.0;21633960.0
NEERLANDIA;1200960.0;1200960.0;1200960.0;1200960.0;1200960.0;1200960.0;1200960.0;1200960.0;1200960.0;1200960.0;1200960.0;1200960.0;14411520.0
SAN ANTONIO;1309380.0;1309380.0;1309380.0;1309380.0;1309380.0;1309380.0;1309380.0;1309380.0;1309380.0;1309380.0;1309380.0;1309380.0;15712560.0
MRS;742260.0;617160.0;517080.0;517080.0;517080.0;517080.0;517080.0;517080.0;517080.0;517080.0;517080.0;517080.0;6530220.0
DON FUAD;1617960.0;1617960.0;1617960.0;1617960.0;1617960.0;1617960.0;1617960.0;1617960.0;1617960.0;1617960.0;1617960.0;1617960.0;19415520.0
EUFEMIA;2552040.0;2552040.0;2552040.0;2552040.0;2502000.0;2443620.0;2443620.0;2443620.0;2443620.0;2443620.0;2443620.0;2443620.0;29815500.0
OLGA;442020.0;442020.0;442020.0;442020.0;442020.0;442020.0;442020.0;442020.0;442020.0;442020.0;442020.0;442020.0;5304240.0
DON SAID;5129100.0;5129100.0;5129100.0;5129100.0;5129100.0;5129100.0;5129100.0;5129100.0;5129100.0;5129100.0;5129100.0;5129100.0;61549200.0
ASUNTINA;2318520.0;2318520.0;2318520.0;2318520.0;2318520.0;2318520.0;2318520.0;2318520.0;2318520.0;2318520.0;2318520.0;2318520.0;27822240.0
PORLAMAR;4561980.0;4561980.0;4561980.0;4561980.0;4561980.0;4561980.0;4561980.0;4561980.0;4561980.0;4561980.0;4561980.0;4561980.0;54743760.0
EL MORRO;450360.0;450360.0;450360.0;450360.0;450360.0;450360.0;450360.0;450360.0;450360.0;450360.0;450360.0;450360.0;5404320.0
LA PERLA;517080.0;517080.0;517080.0;517080.0;517080.0;517080.0;517080.0;517080.0;517080.0;517080.0;517080.0;517080.0;6204960.0
ARACATACA;2577060.0;2577060.0;2577060.0;2577060.0;2577060.0;2577060.0;2577060.0;2577060.0;2577060.0;2577060.0;2577060.0;2577060.0;30924720.0
BOCATOMA;1217640.0;1217640.0;1217640.0;1217640.0;1217640.0;1217640.0;1217640.0;1217640.0;1217640.0;1217640.0;1217640.0;1217640.0;14611680.0
JOYA;2110020.0;2110020.0;2110020.0;2110020.0;2110020.0;2110020.0;2110020.0;2110020.0;2110020.0;2110020.0;2110020.0;2110020.0;25320240.0
ESMERALDA;0.0;0.0;0.0;0.0;0.0;0.0;0.0;0.0;0.0;0.0;0.0;0.0;0.0
NARANJOS;917400.0;917400.0;917400.0;917400.0;917400.0;917400.0;917400.0;917400.0;917400.0;917400.0;917400.0;917400.0;11008800.0
YUNQUE;575460.0;575460.0;575460.0;575460.0;575460.0;575460.0;575460.0;575460.0;575460.0;575460.0;575460.0;575460.0;6905520.0
DONAMA;1259340.0;1259340.0;1259340.0;1259340.0;1259340.0;1259340.0;1259340.0;1259340.0;1259340.0;1259340.0;1259340.0;1259340.0;15112080.0
BURDEOS;0.0;0.0;0.0;0.0;0.0;0.0;0.0;0.0;0.0;0.0;0.0;0.0;0.0
DON MARCE SUR 2;608820.0;608820.0;608820.0;608820.0;608820.0;608820.0;608820.0;608820.0;608820.0;608820.0;608820.0;608820.0;7305840.0
LAS MARGARITAS;1025820.0;1025820.0;1025820.0;1025820.0;1025820.0;1025820.0;1025820.0;1025820.0;1025820.0;1025820.0;1025820.0;1025820.0;12309840.0
LA CECILIA;533760.0;533760.0;533760.0;533760.0;533760.0;533760.0;533760.0;533760.0;533760.0;533760.0;533760.0;533760.0;6405120.0
JOSEFINA;717240.0;717240.0;717240.0;717240.0;717240.0;717240.0;717240.0;717240.0;717240.0;717240.0;717240.0;717240.0;8606880.0
SAN ALFREDO;425340.0;425340.0;425340.0;425340.0;425340.0;425340.0;425340.0;425340.0;425340.0;425340.0;425340.0;425340.0;5104080.0
VICTORIA;1668000.0;1668000.0;1668000.0;1668000.0;1668000.0;1668000.0;1668000.0;1668000.0;1668000.0;1668000.0;1668000.0;1668000.0;20016000.0
CIRCASIA;1025820.0;1025820.0;1025820.0;1025820.0;1025820.0;1025820.0;1025820.0;1025820.0;1025820.0;1025820.0;1025820.0;1025820.0;12309840.0
CIENAGA;433680.0;433680.0;433680.0;433680.0;433680.0;433680.0;433680.0;433680.0;433680.0;433680.0;433680.0;433680.0;5204160.0
MARIA;391980.0;391980.0;391980.0;391980.0;391980.0;391980.0;391980.0;391980.0;391980.0;391980.0;391980.0;391980.0;4703760.0
REMANSO;3219240.0;3219240.0;3219240.0;3219240.0;3219240.0;3219240.0;3219240.0;3219240.0;3219240.0;3219240.0;3219240.0;3219240.0;38630880.0
PIEDECUESTA;1384440.0;1384440.0;1384440.0;1384440.0;1384440.0;1384440.0;1384440.0;1384440.0;1384440.0;1384440.0;1384440.0;1384440.0;16613280.0
NAUTICA;3611220.0;3611220.0;3611220.0;3611220.0;3611220.0;3402720.0;2777220.0;2777220.0;2777220.0;2777220.0;2777220.0;2777220.0;38122140.0
LAS LINAS;2485320.0;2485320.0;2485320.0;2485320.0;2443620.0;2293500.0;2293500.0;2335200.0;2460300.0;2460300.0;2460300.0;2460300.0;29148300.0
DON ALI;1634640.0;1634640.0;1634640.0;1634640.0;1634640.0;1592940.0;1559580.0;1559580.0;1559580.0;1559580.0;1559580.0;1559580.0;19123620.0
DR4 DON ALI;158460.0;158460.0;158460.0;158460.0;158460.0;158460.0;158460.0;158460.0;158460.0;158460.0;158460.0;158460.0;1901520.0
DON CARLOS;492060.0;492060.0;492060.0;492060.0;492060.0;492060.0;492060.0;492060.0;492060.0;492060.0;492060.0;492060.0;5904720.0
EVA NORTE;3853080.0;3819720.0;3702960.0;3736320.0;3769680.0;3769680.0;3769680.0;3769680.0;3769680.0;3769680.0;3769680.0;3769680.0;45269520.0
DON PEDRO;1859820.0;1859820.0;1859820.0;1859820.0;1859820.0;1859820.0;1859820.0;1859820.0;1859820.0;1859820.0;1859820.0;1859820.0;22317840.0
LA VELA;1284360.0;1284360.0;1284360.0;1284360.0;1284360.0;1267680.0;1251000.0;1251000.0;1251000.0;1251000.0;1251000.0;1251000.0;15195480.0
ESPERANZA;1251000.0;1259340.0;1259340.0;1259340.0;1259340.0;1184280.0;1117560.0;1117560.0;1117560.0;1117560.0;1117560.0;1117560.0;14178000.0
LINA MARGARITA;750600.0;750600.0;750600.0;750600.0;800640.0;925740.0;934080.0;934080.0;934080.0;934080.0;934080.0;934080.0;10333260.0
DON MARCE;1150920.0;1426140.0;1709700.0;1893180.0;1893180.0;1893180.0;1893180.0;1893180.0;1893180.0;1893180.0;1893180.0;1893180.0;21325380.0
ENANO;511500.0;511500.0;2371500.0;19111500.0;511500.0;3301500.0;511500.0;511500.0;2371500.0;511500.0;511500.0;37711500.0;68448000.0
EVA;371250.0;371250.0;1721250.0;13871250.0;371250.0;2396250.0;371250.0;371250.0;1721250.0;371250.0;371250.0;27371250.0;49680000.0
SAMI;506000.0;525250.0;2460750.0;19830750.0;530750.0;3425750.0;530750.0;530750.0;2460750.0;530750.0;530750.0;39130750.0;70993750.0
VEGA;206250.0;206250.0;956250.0;7706250.0;206250.0;1331250.0;206250.0;206250.0;956250.0;206250.0;206250.0;15206250.0;27600000.0
FEDERICA;596750.0;585750.0;2690250.0;22296750.0;596750.0;3851750.0;596750.0;596750.0;2766750.0;596750.0;596750.0;43996750.0;79768500.0
NEERLANDIA;396000.0;396000.0;1836000.0;14796000.0;396000.0;2556000.0;396000.0;396000.0;1836000.0;396000.0;396000.0;29196000.0;52992000.0
SAN ANTONIO;431750.0;431750.0;2001750.0;16131750.0;431750.0;2786750.0;431750.0;431750.0;2001750.0;431750.0;431750.0;31831750.0;57776000.0
MRS;244750.0;203500.0;790500.0;6370500.0;170500.0;1100500.0;170500.0;170500.0;790500.0;170500.0;170500.0;12570500.0;22923250.0
DON FUAD;533500.0;533500.0;2473500.0;19933500.0;533500.0;3443500.0;533500.0;533500.0;2473500.0;533500.0;533500.0;39333500.0;71392000.0
EUFEMIA;841500.0;841500.0;3901500.0;31441500.0;825000.0;5200750.0;805750.0;805750.0;3735750.0;805750.0;805750.0;59405750.0;109416250.0
OLGA;145750.0;145750.0;675750.0;5445750.0;145750.0;940750.0;145750.0;145750.0;675750.0;145750.0;145750.0;10745750.0;19504000.0
DON SAID;1691250.0;1691250.0;7841250.0;63191250.0;1691250.0;10916250.0;1691250.0;1691250.0;7841250.0;1691250.0;1691250.0;124691250.0;226320000.0
ASUNTINA;764500.0;764500.0;3544500.0;28564500.0;764500.0;4934500.0;764500.0;764500.0;3544500.0;764500.0;764500.0;56364500.0;102304000.0
PORLAMAR;1504250.0;1504250.0;6974250.0;56204250.0;1504250.0;9709250.0;1504250.0;1504250.0;6974250.0;1504250.0;1504250.0;110904250.0;201296000.0
EL MORRO;148500.0;148500.0;688500.0;5548500.0;148500.0;958500.0;148500.0;148500.0;688500.0;148500.0;148500.0;10948500.0;19872000.0
LA PERLA;170500.0;170500.0;790500.0;6370500.0;170500.0;1100500.0;170500.0;170500.0;790500.0;170500.0;170500.0;12570500.0;22816000.0
ARACATACA;849750.0;849750.0;3939750.0;31749750.0;849750.0;5484750.0;849750.0;849750.0;3939750.0;849750.0;849750.0;62649750.0;113712000.0
BOCATOMA;401500.0;401500.0;1861500.0;15001500.0;401500.0;2591500.0;401500.0;401500.0;1861500.0;401500.0;401500.0;29601500.0;53728000.0
JOYA;695750.0;695750.0;3225750.0;25995750.0;695750.0;4490750.0;695750.0;695750.0;3225750.0;695750.0;695750.0;51295750.0;93104000.0
ESMERALDA;0.0;0.0;0.0;0.0;0.0;0.0;0.0;0.0;0.0;0.0;0.0;0.0;0.0
NARANJOS;302500.0;302500.0;1402500.0;11302500.0;302500.0;1952500.0;302500.0;302500.0;1402500.0;302500.0;302500.0;22302500.0;40480000.0
YUNQUE;189750.0;189750.0;879750.0;7089750.0;189750.0;1224750.0;189750.0;189750.0;879750.0;189750.0;189750.0;13989750.0;25392000.0
DONAMA;415250.0;415250.0;1925250.0;15515250.0;415250.0;2680250.0;415250.0;415250.0;1925250.0;415250.0;415250.0;30615250.0;55568000.0
BURDEOS;0.0;0.0;0.0;0.0;0.0;0.0;0.0;0.0;0.0;0.0;0.0;0.0;0.0
DON MARCE SUR 2;200750.0;200750.0;930750.0;7500750.0;200750.0;1295750.0;200750.0;200750.0;930750.0;200750.0;200750.0;14800750.0;26864000.0
LAS MARGARITAS;338250.0;338250.0;1568250.0;12638250.0;338250.0;2183250.0;338250.0;338250.0;1568250.0;338250.0;338250.0;24938250.0;45264000.0
LA CECILIA;176000.0;176000.0;816000.0;6576000.0;176000.0;1136000.0;176000.0;176000.0;816000.0;176000.0;176000.0;12976000.0;23552000.0
JOSEFINA;236500.0;236500.0;1096500.0;8836500.0;236500.0;1526500.0;236500.0;236500.0;1096500.0;236500.0;236500.0;17436500.0;31648000.0
SAN ALFREDO;140250.0;140250.0;650250.0;5240250.0;140250.0;905250.0;140250.0;140250.0;650250.0;140250.0;140250.0;10340250.0;18768000.0
VICTORIA;550000.0;550000.0;2550000.0;20550000.0;550000.0;3550000.0;550000.0;550000.0;2550000.0;550000.0;550000.0;40550000.0;73600000.0
CIRCASIA;338250.0;338250.0;1568250.0;12638250.0;338250.0;2183250.0;338250.0;338250.0;1568250.0;338250.0;338250.0;24938250.0;45264000.0
CIENAGA;143000.0;143000.0;663000.0;5343000.0;143000.0;923000.0;143000.0;143000.0;663000.0;143000.0;143000.0;10543000.0;19136000.0
MARIA;129250.0;129250.0;599250.0;4829250.0;129250.0;834250.0;129250.0;129250.0;599250.0;129250.0;129250.0;9529250.0;17296000.0
REMANSO;1061500.0;1061500.0;4921500.0;39661500.0;1061500.0;6851500.0;1061500.0;1061500.0;4921500.0;1061500.0;1061500.0;78261500.0;142048000.0
PIEDECUESTA;456500.0;456500.0;2116500.0;17056500.0;456500.0;2946500.0;456500.0;456500.0;2116500.0;456500.0;456500.0;33656500.0;61088000.0
NAUTICA;1190750.0;1190750.0;5520750.0;44490750.0;1190750.0;7242000.0;915750.0;915750.0;4245750.0;915750.0;915750.0;67515750.0;136250250.0
LAS LINAS;819500.0;819500.0;3799500.0;30619500.0;805750.0;4881250.0;756250.0;770000.0;3761250.0;811250.0;811250.0;59811250.0;108466250.0
DON ALI;539000.0;539000.0;2499000.0;20139000.0;539000.0;3390250.0;514250.0;514250.0;2384250.0;514250.0;514250.0;37914250.0;70000750.0
DR4 DON ALI;52250.0;52250.0;242250.0;1952250.0;52250.0;337250.0;52250.0;52250.0;242250.0;52250.0;52250.0;3852250.0;6992000.0
DON CARLOS;162250.0;162250.0;752250.0;6062250.0;162250.0;1047250.0;162250.0;162250.0;752250.0;162250.0;162250.0;11962250.0;21712000.0
EVA NORTE;1270500.0;1259500.0;5661000.0;46032000.0;1243000.0;8023000.0;1243000.0;1243000.0;5763000.0;1243000.0;1243000.0;91643000.0;165867000.0
DON PEDRO;613250.0;613250.0;2843250.0;22913250.0;613250.0;3958250.0;613250.0;613250.0;2843250.0;613250.0;613250.0;45213250.0;82064000.0
LA VELA;423500.0;423500.0;1963500.0;15823500.0;423500.0;2698000.0;412500.0;412500.0;1912500.0;412500.0;412500.0;30412500.0;55730500.0
ESPERANZA;412500.0;415250.0;1925250.0;15515250.0;415250.0;2520500.0;368500.0;368500.0;1708500.0;368500.0;368500.0;27168500.0;51555000.0
LINA MARGARITA;247500.0;247500.0;1147500.0;9247500.0;264000.0;1970250.0;308000.0;308000.0;1428000.0;308000.0;308000.0;22708000.0;38492250.0
DON MARCE;379500.0;470250.0;2613750.0;23324250.0;624250.0;4029250.0;624250.0;624250.0;2894250.0;624250.0;624250.0;46024250.0;82856750.0
ENANO;0.0;0.0;48360000.0;0.0;0.0;0.0;0.0;0.0;0.0;0.0;0.0;33480000.0;81840000.0
EVA;0.0;0.0;35100000.0;0.0;0.0;0.0;0.0;0.0;0.0;0.0;0.0;24300000.0;59400000.0
SAMI;0.0;0.0;50180000.0;0.0;0.0;0.0;0.0;0.0;0.0;0.0;0.0;34740000.0;84920000.0
VEGA;0.0;0.0;19500000.0;0.0;0.0;0.0;0.0;0.0;0.0;0.0;0.0;13500000.0;33000000.0
FEDERICA;0.0;0.0;54860000.0;0.0;0.0;0.0;0.0;0.0;0.0;0.0;0.0;39060000.0;93920000.0
NEERLANDIA;0.0;0.0;37440000.0;0.0;0.0;0.0;0.0;0.0;0.0;0.0;0.0;25920000.0;63360000.0
SAN ANTONIO;0.0;0.0;40820000.0;0.0;0.0;0.0;0.0;0.0;0.0;0.0;0.0;28260000.0;69080000.0
MRS;0.0;0.0;16120000.0;0.0;0.0;0.0;0.0;0.0;0.0;0.0;0.0;11160000.0;27280000.0
DON FUAD;0.0;0.0;50440000.0;0.0;0.0;0.0;0.0;0.0;0.0;0.0;0.0;34920000.0;85360000.0
EUFEMIA;0.0;0.0;79560000.0;0.0;0.0;0.0;0.0;0.0;0.0;0.0;0.0;52740000.0;132300000.0
OLGA;0.0;0.0;13780000.0;0.0;0.0;0.0;0.0;0.0;0.0;0.0;0.0;9540000.0;23320000.0
DON SAID;0.0;0.0;159900000.0;0.0;0.0;0.0;0.0;0.0;0.0;0.0;0.0;110700000.0;270600000.0
ASUNTINA;0.0;0.0;72280000.0;0.0;0.0;0.0;0.0;0.0;0.0;0.0;0.0;50040000.0;122320000.0
PORLAMAR;0.0;0.0;142220000.0;0.0;0.0;0.0;0.0;0.0;0.0;0.0;0.0;98460000.0;240680000.0
EL MORRO;0.0;0.0;14040000.0;0.0;0.0;0.0;0.0;0.0;0.0;0.0;0.0;9720000.0;23760000.0
LA PERLA;0.0;0.0;16120000.0;0.0;0.0;0.0;0.0;0.0;0.0;0.0;0.0;11160000.0;27280000.0
ARACATACA;0.0;0.0;80340000.0;0.0;0.0;0.0;0.0;0.0;0.0;0.0;0.0;55620000.0;135960000.0
BOCATOMA;0.0;0.0;37960000.0;0.0;0.0;0.0;0.0;0.0;0.0;0.0;0.0;26280000.0;64240000.0
JOYA;0.0;0.0;65780000.0;0.0;0.0;0.0;0.0;0.0;0.0;0.0;0.0;45540000.0;111320000.0
ESMERALDA;0.0;0.0;0.0;0.0;0.0;0.0;0.0;0.0;0.0;0.0;0.0;0.0;0.0
NARANJOS;0.0;0.0;28600000.0;0.0;0.0;0.0;0.0;0.0;0.0;0.0;0.0;19800000.0;48400000.0
YUNQUE;0.0;0.0;17940000.0;0.0;0.0;0.0;0.0;0.0;0.0;0.0;0.0;12420000.0;30360000.0
DONAMA;0.0;0.0;39260000.0;0.0;0.0;0.0;0.0;0.0;0.0;0.0;0.0;27180000.0;66440000.0
BURDEOS;0.0;0.0;0.0;0.0;0.0;0.0;0.0;0.0;0.0;0.0;0.0;0.0;0.0
DON MARCE SUR 2;0.0;0.0;18980000.0;0.0;0.0;0.0;0.0;0.0;0.0;0.0;0.0;13140000.0;32120000.0
LAS MARGARITAS;0.0;0.0;31980000.0;0.0;0.0;0.0;0.0;0.0;0.0;0.0;0.0;22140000.0;54120000.0
LA CECILIA;0.0;0.0;16640000.0;0.0;0.0;0.0;0.0;0.0;0.0;0.0;0.0;11520000.0;28160000.0
JOSEFINA;0.0;0.0;22360000.0;0.0;0.0;0.0;0.0;0.0;0.0;0.0;0.0;15480000.0;37840000.0
SAN ALFREDO;0.0;0.0;13260000.0;0.0;0.0;0.0;0.0;0.0;0.0;0.0;0.0;9180000.0;22440000.0
VICTORIA;0.0;0.0;52000000.0;0.0;0.0;0.0;0.0;0.0;0.0;0.0;0.0;36000000.0;88000000.0
CIRCASIA;0.0;0.0;31980000.0;0.0;0.0;0.0;0.0;0.0;0.0;0.0;0.0;22140000.0;54120000.0
CIENAGA;0.0;0.0;13520000.0;0.0;0.0;0.0;0.0;0.0;0.0;0.0;0.0;9360000.0;22880000.0
MARIA;0.0;0.0;12220000.0;0.0;0.0;0.0;0.0;0.0;0.0;0.0;0.0;8460000.0;20680000.0
REMANSO;0.0;0.0;100360000.0;0.0;0.0;0.0;0.0;0.0;0.0;0.0;0.0;69480000.0;169840000.0
PIEDECUESTA;0.0;0.0;43160000.0;0.0;0.0;0.0;0.0;0.0;0.0;0.0;0.0;29880000.0;73040000.0
NAUTICA;0.0;0.0;112580000.0;0.0;0.0;0.0;0.0;0.0;0.0;0.0;0.0;59940000.0;172520000.0
LAS LINAS;0.0;0.0;77480000.0;0.0;0.0;0.0;0.0;0.0;0.0;0.0;0.0;53100000.0;130580000.0
DON ALI;0.0;0.0;50960000.0;0.0;0.0;0.0;0.0;0.0;0.0;0.0;0.0;33660000.0;84620000.0
DR4 DON ALI;0.0;0.0;4940000.0;0.0;0.0;0.0;0.0;0.0;0.0;0.0;0.0;3420000.0;8360000.0
DON CARLOS;0.0;0.0;15340000.0;0.0;0.0;0.0;0.0;0.0;0.0;0.0;0.0;10620000.0;25960000.0
EVA NORTE;0.0;0.0;115440000.0;0.0;0.0;0.0;0.0;0.0;0.0;0.0;0.0;81360000.0;196800000.0
DON PEDRO;0.0;0.0;57980000.0;0.0;0.0;0.0;0.0;0.0;0.0;0.0;0.0;40140000.0;98120000.0
LA VELA;0.0;0.0;40040000.0;0.0;0.0;0.0;0.0;0.0;0.0;0.0;0.0;27000000.0;67040000.0
ESPERANZA;0.0;0.0;39260000.0;0.0;0.0;0.0;0.0;0.0;0.0;0.0;0.0;24120000.0;63380000.0
LINA MARGARITA;0.0;0.0;23400000.0;0.0;0.0;0.0;0.0;0.0;0.0;0.0;0.0;20160000.0;43560000.0
DON MARCE;0.0;0.0;53300000.0;0.0;0.0;0.0;0.0;0.0;0.0;0.0;0.0;40860000.0;94160000.0
ENANO;1007500.62;1007500.62;1007500.62;1007500.62;1007500.62;1007500.62;1007500.62;1007500.62;1007500.62;1007500.62;1007500.62;1007500.62;12090007.439999998
EVA;1462499.55;1462499.55;1462499.55;1462499.55;1462499.55;1462499.55;1462499.55;1462499.55;1462499.55;1462499.55;1462499.55;1462499.55;17549994.600000005
SAMI;996667.28;1034583.97;1045417.31;1045417.31;1045417.31;1045417.31;1045417.31;1045417.31;1045417.31;1045417.31;1045417.31;1045417.31;12485424.350000003
VEGA;406250.25;406250.25;406250.25;406250.25;406250.25;406250.25;406250.25;406250.25;406250.25;406250.25;406250.25;406250.25;4875003.0
FEDERICA;1175417.3900000001;1153750.71;1142917.37;1175417.3900000001;1175417.3900000001;1175417.3900000001;1175417.3900000001;1175417.3900000001;1175417.3900000001;1175417.3900000001;1175417.3900000001;1175417.3900000001;14050841.980000004
NEERLANDIA;780000.48;780000.48;780000.48;780000.48;780000.48;780000.48;780000.48;780000.48;780000.48;780000.48;780000.48;780000.48;9360005.760000002
SAN ANTONIO;850417.1900000001;850417.1900000001;850417.1900000001;850417.1900000001;850417.1900000001;850417.1900000001;850417.1900000001;850417.1900000001;850417.1900000001;850417.1900000001;850417.1900000001;850417.1900000001;10205006.280000001
MRS;482083.63;400833.58;335833.54;335833.54;335833.54;335833.54;335833.54;335833.54;335833.54;335833.54;335833.54;335833.54;4241252.61
DON FUAD;1050833.98;1050833.98;1050833.98;1050833.98;1050833.98;1050833.98;1050833.98;1050833.98;1050833.98;1050833.98;1050833.98;1050833.98;12610007.760000004
EUFEMIA;1657501.02;1657501.02;1657501.02;1657501.02;1625001.0;1587084.31;1587084.31;1587084.31;1587084.31;1587084.31;1587084.31;1587084.31;19364595.25
OLGA;287083.51;287083.51;287083.51;287083.51;287083.51;287083.51;287083.51;287083.51;287083.51;287083.51;287083.51;287083.51;3445002.119999999
DON SAID;3331252.05;3331252.05;3331252.05;3331252.05;3331252.05;3331252.05;3331252.05;3331252.05;3331252.05;3331252.05;3331252.05;3331252.05;39975024.6
ASUNTINA;1505834.26;1505834.26;1505834.26;1505834.26;1505834.26;1505834.26;1505834.26;1505834.26;1505834.26;1505834.26;1505834.26;1505834.26;18070011.12
PORLAMAR;2962918.49;2962918.49;2962918.49;2962918.49;2962918.49;2962918.49;2962918.49;2962918.49;2962918.49;2962918.49;2962918.49;2962918.49;35555021.88000001
EL MORRO;292500.18;292500.18;292500.18;292500.18;292500.18;292500.18;292500.18;292500.18;292500.18;292500.18;292500.18;292500.18;3510002.1600000006
LA PERLA;335833.54;335833.54;335833.54;335833.54;335833.54;335833.54;335833.54;335833.54;335833.54;335833.54;335833.54;335833.54;4030002.48
ARACATACA;1673751.03;1673751.03;1673751.03;1673751.03;1673751.03;1673751.03;1673751.03;1673751.03;1673751.03;1673751.03;1673751.03;1673751.03;20085012.36
BOCATOMA;790833.8200000001;790833.8200000001;790833.8200000001;790833.8200000001;790833.8200000001;790833.8200000001;790833.8200000001;790833.8200000001;790833.8200000001;790833.8200000001;790833.8200000001;790833.8200000001;9490005.840000002
JOYA;1370417.51;1370417.51;1370417.51;1370417.51;1370417.51;1370417.51;1370417.51;1370417.51;1370417.51;1370417.51;1370417.51;1370417.51;16445010.12
ESMERALDA;0.0;0.0;0.0;0.0;0.0;0.0;0.0;0.0;0.0;0.0;0.0;0.0;0.0
NARANJOS;595833.7;595833.7;595833.7;595833.7;595833.7;595833.7;595833.7;595833.7;595833.7;595833.7;595833.7;595833.7;7150004.400000001
YUNQUE;373750.23;373750.23;373750.23;373750.23;373750.23;373750.23;373750.23;373750.23;373750.23;373750.23;373750.23;373750.23;4485002.76
DONAMA;817917.17;817917.17;817917.17;817917.17;817917.17;817917.17;817917.17;817917.17;817917.17;817917.17;817917.17;817917.17;9815006.040000001
BURDEOS;0.0;0.0;0.0;0.0;0.0;0.0;0.0;0.0;0.0;0.0;0.0;0.0;0.0
DON MARCE SUR 2;395416.91000000003;395416.91000000003;395416.91000000003;395416.91000000003;395416.91000000003;395416.91000000003;395416.91000000003;395416.91000000003;395416.91000000003;395416.91000000003;395416.91000000003;395416.91000000003;4745002.920000001
LAS MARGARITAS;666250.41;666250.41;666250.41;666250.41;666250.41;666250.41;666250.41;666250.41;666250.41;666250.41;666250.41;666250.41;7995004.920000001
LA CECILIA;346666.88;346666.88;346666.88;346666.88;346666.88;346666.88;346666.88;346666.88;346666.88;346666.88;346666.88;346666.88;4160002.559999999
JOSEFINA;465833.62;465833.62;465833.62;465833.62;465833.62;465833.62;465833.62;465833.62;465833.62;465833.62;465833.62;465833.62;5590003.44
SAN ALFREDO;276250.17;276250.17;276250.17;276250.17;276250.17;276250.17;276250.17;276250.17;276250.17;276250.17;276250.17;276250.17;3315002.0399999996
VICTORIA;1083334.0;1083334.0;1083334.0;1083334.0;1083334.0;1083334.0;1083334.0;1083334.0;1083334.0;1083334.0;1083334.0;1083334.0;13000008.0
CIRCASIA;666250.41;666250.41;666250.41;666250.41;666250.41;666250.41;666250.41;666250.41;666250.41;666250.41;666250.41;666250.41;7995004.920000001
CIENAGA;281666.84;281666.84;281666.84;281666.84;281666.84;281666.84;281666.84;281666.84;281666.84;281666.84;281666.84;281666.84;3380002.0799999996
MARIA;254583.49;254583.49;254583.49;254583.49;254583.49;254583.49;254583.49;254583.49;254583.49;254583.49;254583.49;254583.49;3055001.880000001
REMANSO;2090834.62;2090834.62;2090834.62;2090834.62;2090834.62;2090834.62;2090834.62;2090834.62;2090834.62;2090834.62;2090834.62;2090834.62;25090015.44000001
PIEDECUESTA;899167.22;899167.22;899167.22;899167.22;899167.22;899167.22;899167.22;899167.22;899167.22;899167.22;899167.22;899167.22;10790006.64
NAUTICA;2345418.11;2345418.11;2345418.11;2345418.11;2345418.11;2210001.36;1803751.11;1803751.11;1803751.11;1803751.11;1803751.11;1803751.11;24759598.569999997
LAS LINAS;1614167.66;1614167.66;1614167.66;1614167.66;1587084.31;1489584.25;1489584.25;1516667.6;1597917.65;1597917.65;1597917.65;1597917.65;18931261.65
DON ALI;1061667.32;1061667.32;1061667.32;1061667.32;1061667.32;1034583.97;1012917.29;1012917.29;1012917.29;1012917.29;1012917.29;1012917.29;12420424.309999999
DR4 DON ALI;102916.73;102916.73;102916.73;102916.73;102916.73;102916.73;102916.73;102916.73;102916.73;102916.73;102916.73;102916.73;1235000.76
DON CARLOS;319583.53;319583.53;319583.53;319583.53;319583.53;319583.53;319583.53;319583.53;319583.53;319583.53;319583.53;319583.53;3835002.3600000013
EVA NORTE;2502501.54;2480834.86;2405001.48;2426668.16;2448334.84;2448334.84;2448334.84;2448334.84;2448334.84;2448334.84;2448334.84;2448334.84;29401684.76
DON PEDRO;1207917.41;1207917.41;1207917.41;1207917.41;1207917.41;1207917.41;1207917.41;1207917.41;1207917.41;1207917.41;1207917.41;1207917.41;14495008.92
LA VELA;834167.18;834167.18;834167.18;834167.18;834167.18;823333.84;812500.5;812500.5;812500.5;812500.5;812500.5;812500.5;9869172.74
ESPERANZA;812500.5;817917.17;817917.17;817917.17;817917.17;769167.14;725833.78;725833.78;725833.78;725833.78;725833.78;725833.78;9208339.0
LINA MARGARITA;487500.3;487500.3;487500.3;487500.3;520000.32;601250.37;606667.04;606667.04;606667.04;606667.04;606667.04;606667.04;6711254.130000001
DON MARCE;747500.46;926250.5700000001;1110417.35;1229584.09;1229584.09;1229584.09;1229584.09;1229584.09;1229584.09;1229584.09;1229584.09;1229584.09;13850425.19
ENANO;967200.0;967200.0;967200.0;967200.0;967200.0;967200.0;967200.0;967200.0;967200.0;967200.0;967200.0;967200.0;11606400.0
EVA;702000.0;702000.0;702000.0;702000.0;702000.0;702000.0;702000.0;702000.0;702000.0;702000.0;702000.0;702000.0;8424000.0
SAMI;956800.0;993200.0;1003600.0;1003600.0;1003600.0;1003600.0;1003600.0;1003600.0;1003600.0;1003600.0;1003600.0;1003600.0;11986000.0
VEGA;390000.0;390000.0;390000.0;390000.0;390000.0;390000.0;390000.0;390000.0;390000.0;390000.0;390000.0;390000.0;4680000.0
FEDERICA;1128400.0;1107600.0;1097200.0;1128400.0;1128400.0;1128400.0;1128400.0;1128400.0;1128400.0;1128400.0;1128400.0;1128400.0;13488800.0
NEERLANDIA;748800.0;748800.0;748800.0;748800.0;748800.0;748800.0;748800.0;748800.0;748800.0;748800.0;748800.0;748800.0;8985600.0
SAN ANTONIO;816400.0;816400.0;816400.0;816400.0;816400.0;816400.0;816400.0;816400.0;816400.0;816400.0;816400.0;816400.0;9796800.0
MRS;462800.0;384800.0;322400.0;322400.0;322400.0;322400.0;322400.0;322400.0;322400.0;322400.0;322400.0;322400.0;4071600.0
DON FUAD;1008800.0;1008800.0;1008800.0;1008800.0;1008800.0;1008800.0;1008800.0;1008800.0;1008800.0;1008800.0;1008800.0;1008800.0;12105600.0
EUFEMIA;1591200.0;1591200.0;1591200.0;1591200.0;1560000.0;1523600.0;1523600.0;1523600.0;1523600.0;1523600.0;1523600.0;1523600.0;18590000.0
OLGA;275600.0;275600.0;275600.0;275600.0;275600.0;275600.0;275600.0;275600.0;275600.0;275600.0;275600.0;275600.0;3307200.0
DON SAID;3198000.0;3198000.0;3198000.0;3198000.0;3198000.0;3198000.0;3198000.0;3198000.0;3198000.0;3198000.0;3198000.0;3198000.0;38376000.0
ASUNTINA;1445600.0;1445600.0;1445600.0;1445600.0;1445600.0;1445600.0;1445600.0;1445600.0;1445600.0;1445600.0;1445600.0;1445600.0;17347200.0
PORLAMAR;2844400.0;2844400.0;2844400.0;2844400.0;2844400.0;2844400.0;2844400.0;2844400.0;2844400.0;2844400.0;2844400.0;2844400.0;34132800.0
EL MORRO;280800.0;280800.0;280800.0;280800.0;280800.0;280800.0;280800.0;280800.0;280800.0;280800.0;280800.0;280800.0;3369600.0
LA PERLA;322400.0;322400.0;322400.0;322400.0;322400.0;322400.0;322400.0;322400.0;322400.0;322400.0;322400.0;322400.0;3868800.0
ARACATACA;1606800.0;1606800.0;1606800.0;1606800.0;1606800.0;1606800.0;1606800.0;1606800.0;1606800.0;1606800.0;1606800.0;1606800.0;19281600.0
BOCATOMA;759200.0;759200.0;759200.0;759200.0;759200.0;759200.0;759200.0;759200.0;759200.0;759200.0;759200.0;759200.0;9110400.0
JOYA;1315600.0;1315600.0;1315600.0;1315600.0;1315600.0;1315600.0;1315600.0;1315600.0;1315600.0;1315600.0;1315600.0;1315600.0;15787200.0
ESMERALDA;0.0;0.0;0.0;0.0;0.0;0.0;0.0;0.0;0.0;0.0;0.0;0.0;0.0
NARANJOS;572000.0;572000.0;572000.0;572000.0;572000.0;572000.0;572000.0;572000.0;572000.0;572000.0;572000.0;572000.0;6864000.0
YUNQUE;358800.0;358800.0;358800.0;358800.0;358800.0;358800.0;358800.0;358800.0;358800.0;358800.0;358800.0;358800.0;4305600.0
DONAMA;785200.0;785200.0;785200.0;785200.0;785200.0;785200.0;785200.0;785200.0;785200.0;785200.0;785200.0;785200.0;9422400.0
BURDEOS;0.0;0.0;0.0;0.0;0.0;0.0;0.0;0.0;0.0;0.0;0.0;0.0;0.0
DON MARCE SUR 2;379600.0;379600.0;379600.0;379600.0;379600.0;379600.0;379600.0;379600.0;379600.0;379600.0;379600.0;379600.0;4555200.0
LAS MARGARITAS;639600.0;639600.0;639600.0;639600.0;639600.0;639600.0;639600.0;639600.0;639600.0;639600.0;639600.0;639600.0;7675200.0
LA CECILIA;332800.0;332800.0;332800.0;332800.0;332800.0;332800.0;332800.0;332800.0;332800.0;332800.0;332800.0;332800.0;3993600.0
JOSEFINA;447200.0;447200.0;447200.0;447200.0;447200.0;447200.0;447200.0;447200.0;447200.0;447200.0;447200.0;447200.0;5366400.0
SAN ALFREDO;265200.0;265200.0;265200.0;265200.0;265200.0;265200.0;265200.0;265200.0;265200.0;265200.0;265200.0;265200.0;3182400.0
VICTORIA;1040000.0;1040000.0;1040000.0;1040000.0;1040000.0;1040000.0;1040000.0;1040000.0;1040000.0;1040000.0;1040000.0;1040000.0;12480000.0
CIRCASIA;639600.0;639600.0;639600.0;639600.0;639600.0;639600.0;639600.0;639600.0;639600.0;639600.0;639600.0;639600.0;7675200.0
CIENAGA;270400.0;270400.0;270400.0;270400.0;270400.0;270400.0;270400.0;270400.0;270400.0;270400.0;270400.0;270400.0;3244800.0
MARIA;244400.0;244400.0;244400.0;244400.0;244400.0;244400.0;244400.0;244400.0;244400.0;244400.0;244400.0;244400.0;2932800.0
REMANSO;2007200.0;2007200.0;2007200.0;2007200.0;2007200.0;2007200.0;2007200.0;2007200.0;2007200.0;2007200.0;2007200.0;2007200.0;24086400.0
PIEDECUESTA;863200.0;863200.0;863200.0;863200.0;863200.0;863200.0;863200.0;863200.0;863200.0;863200.0;863200.0;863200.0;10358400.0
NAUTICA;2251600.0;2251600.0;2251600.0;2251600.0;2251600.0;2121600.0;1731600.0;1731600.0;1731600.0;1731600.0;1731600.0;1731600.0;23769200.0
LAS LINAS;1549600.0;1549600.0;1549600.0;1549600.0;1523600.0;1430000.0;1430000.0;1456000.0;1534000.0;1534000.0;1534000.0;1534000.0;18174000.0
DON ALI;1019200.0;1019200.0;1019200.0;1019200.0;1019200.0;993200.0;972400.0;972400.0;972400.0;972400.0;972400.0;972400.0;11923600.0
DR4 DON ALI;98800.0;98800.0;98800.0;98800.0;98800.0;98800.0;98800.0;98800.0;98800.0;98800.0;98800.0;98800.0;1185600.0
DON CARLOS;306800.0;306800.0;306800.0;306800.0;306800.0;306800.0;306800.0;306800.0;306800.0;306800.0;306800.0;306800.0;3681600.0
EVA NORTE;2402400.0;2381600.0;2308800.0;2329600.0;2350400.0;2350400.0;2350400.0;2350400.0;2350400.0;2350400.0;2350400.0;2350400.0;28225600.0
DON PEDRO;1159600.0;1159600.0;1159600.0;1159600.0;1159600.0;1159600.0;1159600.0;1159600.0;1159600.0;1159600.0;1159600.0;1159600.0;13915200.0
LA VELA;800800.0;800800.0;800800.0;800800.0;800800.0;790400.0;780000.0;780000.0;780000.0;780000.0;780000.0;780000.0;9474400.0
ESPERANZA;780000.0;785200.0;785200.0;785200.0;785200.0;738400.0;696800.0;696800.0;696800.0;696800.0;696800.0;696800.0;8840000.0
LINA MARGARITA;468000.0;468000.0;468000.0;468000.0;499200.0;577200.0;582400.0;582400.0;582400.0;582400.0;582400.0;582400.0;6442800.0
DON MARCE;717600.0;889200.0;1066000.0;1180400.0;1180400.0;1180400.0;1180400.0;1180400.0;1180400.0;1180400.0;1180400.0;1180400.0;13296400.0
ENANO;531000.0;531000.0;531000.0;531000.0;531000.0;531000.0;531000.0;531000.0;531000.0;7058000.0;531000.0;531000.0;12899000.0
EVA;0.0;0.0;0.0;0.0;0.0;0.0;0.0;0.0;0.0;0.0;0.0;0.0;0.0
SAMI;0.0;0.0;0.0;0.0;0.0;0.0;0.0;0.0;0.0;0.0;0.0;0.0;0.0
VEGA;0.0;0.0;0.0;0.0;0.0;0.0;0.0;0.0;0.0;0.0;0.0;0.0;0.0
FEDERICA;0.0;0.0;0.0;0.0;0.0;0.0;0.0;0.0;0.0;0.0;0.0;0.0;0.0
NEERLANDIA;0.0;0.0;0.0;0.0;0.0;0.0;0.0;0.0;0.0;0.0;0.0;0.0;0.0
SAN ANTONIO;0.0;0.0;0.0;0.0;0.0;0.0;0.0;0.0;0.0;0.0;0.0;0.0;0.0
MRS;0.0;0.0;0.0;0.0;0.0;0.0;0.0;0.0;0.0;0.0;0.0;0.0;0.0
DON FUAD;0.0;0.0;0.0;0.0;0.0;0.0;0.0;0.0;0.0;0.0;0.0;0.0;0.0
EUFEMIA;0.0;0.0;0.0;0.0;0.0;0.0;0.0;0.0;0.0;0.0;0.0;0.0;0.0
OLGA;0.0;0.0;0.0;0.0;0.0;0.0;0.0;0.0;0.0;0.0;0.0;0.0;0.0
DON SAID;0.0;0.0;0.0;0.0;0.0;0.0;0.0;0.0;0.0;0.0;0.0;0.0;0.0
ASUNTINA;0.0;0.0;0.0;0.0;0.0;0.0;0.0;0.0;0.0;0.0;0.0;0.0;0.0
PORLAMAR;0.0;0.0;0.0;0.0;0.0;0.0;0.0;0.0;0.0;0.0;0.0;0.0;0.0
EL MORRO;0.0;0.0;0.0;0.0;0.0;0.0;0.0;0.0;0.0;0.0;0.0;0.0;0.0
LA PERLA;0.0;0.0;0.0;0.0;0.0;0.0;0.0;0.0;0.0;0.0;0.0;0.0;0.0
ARACATACA;0.0;0.0;0.0;0.0;0.0;0.0;0.0;0.0;0.0;0.0;0.0;0.0;0.0
BOCATOMA;0.0;0.0;0.0;0.0;0.0;0.0;0.0;0.0;0.0;0.0;0.0;0.0;0.0
JOYA;0.0;0.0;0.0;0.0;0.0;0.0;0.0;0.0;0.0;0.0;0.0;0.0;0.0
ESMERALDA;0.0;0.0;0.0;0.0;0.0;0.0;0.0;0.0;0.0;0.0;0.0;0.0;0.0
NARANJOS;0.0;0.0;0.0;0.0;0.0;0.0;0.0;0.0;0.0;0.0;0.0;0.0;0.0
YUNQUE;0.0;0.0;0.0;0.0;0.0;0.0;0.0;0.0;0.0;0.0;0.0;0.0;0.0
DONAMA;0.0;0.0;0.0;0.0;0.0;0.0;0.0;0.0;0.0;0.0;0.0;0.0;0.0
BURDEOS;0.0;0.0;0.0;0.0;0.0;0.0;0.0;0.0;0.0;0.0;0.0;0.0;0.0
DON MARCE SUR 2;0.0;0.0;0.0;0.0;0.0;0.0;0.0;0.0;0.0;0.0;0.0;0.0;0.0
LAS MARGARITAS;0.0;0.0;0.0;0.0;0.0;0.0;0.0;0.0;0.0;0.0;0.0;0.0;0.0
LA CECILIA;0.0;0.0;0.0;0.0;0.0;0.0;0.0;0.0;0.0;0.0;0.0;0.0;0.0
JOSEFINA;0.0;0.0;0.0;0.0;0.0;0.0;0.0;0.0;0.0;0.0;0.0;0.0;0.0
SAN ALFREDO;0.0;0.0;0.0;0.0;0.0;0.0;0.0;0.0;0.0;0.0;0.0;0.0;0.0
VICTORIA;0.0;0.0;0.0;0.0;0.0;0.0;0.0;0.0;0.0;0.0;0.0;0.0;0.0
CIRCASIA;0.0;0.0;0.0;0.0;0.0;0.0;0.0;0.0;0.0;0.0;0.0;0.0;0.0
CIENAGA;0.0;0.0;0.0;0.0;0.0;0.0;0.0;0.0;0.0;0.0;0.0;0.0;0.0
MARIA;0.0;0.0;0.0;0.0;0.0;0.0;0.0;0.0;0.0;0.0;0.0;0.0;0.0
REMANSO;0.0;0.0;0.0;0.0;0.0;0.0;0.0;0.0;0.0;0.0;0.0;0.0;0.0
PIEDECUESTA;0.0;0.0;0.0;0.0;0.0;0.0;0.0;0.0;0.0;0.0;0.0;0.0;0.0
NAUTICA;0.0;0.0;0.0;0.0;0.0;0.0;0.0;0.0;0.0;0.0;0.0;0.0;0.0
LAS LINAS;0.0;0.0;0.0;0.0;0.0;0.0;0.0;0.0;0.0;0.0;0.0;0.0;0.0
DON ALI;0.0;0.0;0.0;0.0;0.0;0.0;0.0;0.0;0.0;0.0;0.0;0.0;0.0
DR4 DON ALI;0.0;0.0;0.0;0.0;0.0;0.0;0.0;0.0;0.0;0.0;0.0;0.0;0.0
DON CARLOS;0.0;0.0;0.0;0.0;0.0;0.0;0.0;0.0;0.0;0.0;0.0;0.0;0.0
EVA NORTE;0.0;0.0;0.0;0.0;0.0;0.0;0.0;0.0;0.0;0.0;0.0;0.0;0.0
DON PEDRO;0.0;0.0;0.0;0.0;0.0;0.0;0.0;0.0;0.0;0.0;0.0;0.0;0.0
LA VELA;0.0;0.0;0.0;0.0;0.0;0.0;0.0;0.0;0.0;0.0;0.0;0.0;0.0
ESPERANZA;0.0;0.0;0.0;0.0;0.0;0.0;0.0;0.0;0.0;0.0;0.0;0.0;0.0
LINA MARGARITA;0.0;0.0;0.0;0.0;0.0;0.0;0.0;0.0;0.0;0.0;0.0;0.0;0.0
DON MARCE;0.0;0.0;0.0;0.0;0.0;0.0;0.0;0.0;0.0;0.0;0.0;0.0;0.0
ENANO;61196.8;61196.8;61196.8;61196.8;61196.8;61196.8;61196.8;61196.8;61196.8;61196.8;61196.8;61196.8;734361.6000000001
EVA;61196.8;61196.8;61196.8;61196.8;61196.8;61196.8;61196.8;61196.8;61196.8;61196.8;61196.8;61196.8;734361.6000000001
SAMI;61196.8;61196.8;61196.8;61196.8;61196.8;61196.8;61196.8;61196.8;61196.8;61196.8;61196.8;61196.8;734361.6000000001
VEGA;61196.8;61196.8;61196.8;61196.8;61196.8;61196.8;61196.8;61196.8;61196.8;61196.8;61196.8;61196.8;734361.6000000001
FEDERICA;61196.8;61196.8;61196.8;61196.8;61196.8;61196.8;61196.8;61196.8;61196.8;61196.8;61196.8;61196.8;734361.6000000001
NEERLANDIA;61196.8;61196.8;61196.8;61196.8;61196.8;61196.8;61196.8;61196.8;61196.8;61196.8;61196.8;61196.8;734361.6000000001
SAN ANTONIO;61196.8;61196.8;61196.8;61196.8;61196.8;61196.8;61196.8;61196.8;61196.8;61196.8;61196.8;61196.8;734361.6000000001
MRS;61196.8;61196.8;61196.8;61196.8;61196.8;61196.8;61196.8;61196.8;61196.8;61196.8;61196.8;61196.8;734361.6000000001
DON FUAD;61196.8;61196.8;61196.8;61196.8;61196.8;61196.8;61196.8;61196.8;61196.8;61196.8;61196.8;61196.8;734361.6000000001
EUFEMIA;61196.8;61196.8;61196.8;61196.8;61196.8;61196.8;61196.8;61196.8;61196.8;61196.8;61196.8;61196.8;734361.6000000001
OLGA;61196.8;61196.8;61196.8;61196.8;61196.8;61196.8;61196.8;61196.8;61196.8;61196.8;61196.8;61196.8;734361.6000000001
DON SAID;61196.8;61196.8;61196.8;61196.8;61196.8;61196.8;61196.8;61196.8;61196.8;61196.8;61196.8;61196.8;734361.6000000001
ASUNTINA;61196.8;61196.8;61196.8;61196.8;61196.8;61196.8;61196.8;61196.8;61196.8;61196.8;61196.8;61196.8;734361.6000000001
PORLAMAR;61196.8;61196.8;61196.8;61196.8;61196.8;61196.8;61196.8;61196.8;61196.8;61196.8;61196.8;61196.8;734361.6000000001
EL MORRO;61196.8;61196.8;61196.8;61196.8;61196.8;61196.8;61196.8;61196.8;61196.8;61196.8;61196.8;61196.8;734361.6000000001
LA PERLA;61196.8;61196.8;61196.8;61196.8;61196.8;61196.8;61196.8;61196.8;61196.8;61196.8;61196.8;61196.8;734361.6000000001
ARACATACA;61196.8;61196.8;61196.8;61196.8;61196.8;61196.8;61196.8;61196.8;61196.8;61196.8;61196.8;61196.8;734361.6000000001
BOCATOMA;61196.8;61196.8;61196.8;61196.8;61196.8;61196.8;61196.8;61196.8;61196.8;61196.8;61196.8;61196.8;734361.6000000001
JOYA;61196.8;61196.8;61196.8;61196.8;61196.8;61196.8;61196.8;61196.8;61196.8;61196.8;61196.8;61196.8;734361.6000000001
ESMERALDA;61196.8;61196.8;61196.8;61196.8;61196.8;61196.8;61196.8;61196.8;61196.8;61196.8;61196.8;61196.8;734361.6000000001
NARANJOS;61196.8;61196.8;61196.8;61196.8;61196.8;61196.8;61196.8;61196.8;61196.8;61196.8;61196.8;61196.8;734361.6000000001
YUNQUE;61196.8;61196.8;61196.8;61196.8;61196.8;61196.8;61196.8;61196.8;61196.8;61196.8;61196.8;61196.8;734361.6000000001
DONAMA;61196.8;61196.8;61196.8;61196.8;61196.8;61196.8;61196.8;61196.8;61196.8;61196.8;61196.8;61196.8;734361.6000000001
BURDEOS;61196.8;61196.8;61196.8;61196.8;61196.8;61196.8;61196.8;61196.8;61196.8;61196.8;61196.8;61196.8;734361.6000000001
DON MARCE SUR 2;61196.8;61196.8;61196.8;61196.8;61196.8;61196.8;61196.8;61196.8;61196.8;61196.8;61196.8;61196.8;734361.6000000001
LAS MARGARITAS;61196.8;61196.8;61196.8;61196.8;61196.8;61196.8;61196.8;61196.8;61196.8;61196.8;61196.8;61196.8;734361.6000000001
LA CECILIA;61196.8;61196.8;61196.8;61196.8;61196.8;61196.8;61196.8;61196.8;61196.8;61196.8;61196.8;61196.8;734361.6000000001
JOSEFINA;61196.8;61196.8;61196.8;61196.8;61196.8;61196.8;61196.8;61196.8;61196.8;61196.8;61196.8;61196.8;734361.6000000001
SAN ALFREDO;61196.8;61196.8;61196.8;61196.8;61196.8;61196.8;61196.8;61196.8;61196.8;61196.8;61196.8;61196.8;734361.6000000001
VICTORIA;61196.8;61196.8;61196.8;61196.8;61196.8;61196.8;61196.8;61196.8;61196.8;61196.8;61196.8;61196.8;734361.6000000001
CIRCASIA;61196.8;61196.8;61196.8;61196.8;61196.8;61196.8;61196.8;61196.8;61196.8;61196.8;61196.8;61196.8;734361.6000000001
CIENAGA;61196.8;61196.8;61196.8;61196.8;61196.8;61196.8;61196.8;61196.8;61196.8;61196.8;61196.8;61196.8;734361.6000000001
MARIA;61196.8;61196.8;61196.8;61196.8;61196.8;61196.8;61196.8;61196.8;61196.8;61196.8;61196.8;61196.8;734361.6000000001
REMANSO;61196.8;61196.8;61196.8;61196.8;61196.8;61196.8;61196.8;61196.8;61196.8;61196.8;61196.8;61196.8;734361.6000000001
PIEDECUESTA;61196.8;61196.8;61196.8;61196.8;61196.8;61196.8;61196.8;61196.8;61196.8;61196.8;61196.8;61196.8;734361.6000000001
NAUTICA;61196.8;61196.8;61196.8;61196.8;61196.8;61196.8;61196.8;61196.8;61196.8;61196.8;61196.8;61196.8;734361.6000000001
LAS LINAS;61196.8;61196.8;61196.8;61196.8;61196.8;61196.8;61196.8;61196.8;61196.8;61196.8;61196.8;61196.8;734361.6000000001
DON ALI;61196.8;61196.8;61196.8;61196.8;61196.8;61196.8;61196.8;61196.8;61196.8;61196.8;61196.8;61196.8;734361.6000000001
DR4 DON ALI;61196.8;61196.8;61196.8;61196.8;61196.8;61196.8;61196.8;61196.8;61196.8;61196.8;61196.8;61196.8;734361.6000000001
DON CARLOS;61196.8;61196.8;61196.8;61196.8;61196.8;61196.8;61196.8;61196.8;61196.8;61196.8;61196.8;61196.8;734361.6000000001
EVA NORTE;61196.8;61196.8;61196.8;61196.8;61196.8;61196.8;61196.8;61196.8;61196.8;61196.8;61196.8;61196.8;734361.6000000001
DON PEDRO;61196.8;61196.8;61196.8;61196.8;61196.8;61196.8;61196.8;61196.8;61196.8;61196.8;61196.8;61196.8;734361.6000000001
LA VELA;61196.8;61196.8;61196.8;61196.8;61196.8;61196.8;61196.8;61196.8;61196.8;61196.8;61196.8;61196.8;734361.6000000001
ESPERANZA;61196.8;61196.8;61196.8;61196.8;61196.8;61196.8;61196.8;61196.8;61196.8;61196.8;61196.8;61196.8;734361.6000000001
LINA MARGARITA;61196.8;61196.8;61196.8;61196.8;61196.8;61196.8;61196.8;61196.8;61196.8;61196.8;61196.8;61196.8;734361.6000000001
DON MARCE;61196.8;61196.8;61196.8;61196.8;61196.8;61196.8;61196.8;61196.8;61196.8;61196.8;61196.8;61196.8;734361.6000000001
ENANO;0.0;0.0;0.0;0.0;0.0;0.0;0.0;0.0;0.0;0.0;0.0;0.0;0.0
EVA;0.0;0.0;0.0;0.0;0.0;0.0;0.0;0.0;0.0;0.0;0.0;0.0;0.0
SAMI;0.0;0.0;0.0;0.0;0.0;0.0;0.0;0.0;0.0;0.0;0.0;0.0;0.0
VEGA;0.0;0.0;0.0;0.0;0.0;0.0;0.0;0.0;0.0;0.0;0.0;0.0;0.0
FEDERICA;0.0;0.0;0.0;0.0;0.0;0.0;0.0;0.0;0.0;0.0;0.0;0.0;0.0
NEERLANDIA;0.0;0.0;0.0;0.0;0.0;0.0;0.0;0.0;0.0;0.0;0.0;0.0;0.0
SAN ANTONIO;0.0;0.0;0.0;0.0;0.0;0.0;0.0;0.0;0.0;0.0;0.0;0.0;0.0
MRS;0.0;0.0;0.0;0.0;0.0;0.0;0.0;0.0;0.0;0.0;0.0;0.0;0.0
DON FUAD;0.0;0.0;0.0;0.0;0.0;0.0;0.0;0.0;0.0;0.0;0.0;0.0;0.0
EUFEMIA;0.0;0.0;0.0;0.0;0.0;0.0;0.0;0.0;0.0;0.0;0.0;0.0;0.0
OLGA;0.0;0.0;0.0;0.0;0.0;0.0;0.0;0.0;0.0;0.0;0.0;0.0;0.0
DON SAID;0.0;0.0;0.0;0.0;0.0;0.0;0.0;0.0;0.0;0.0;0.0;0.0;0.0
ASUNTINA;0.0;0.0;0.0;0.0;0.0;0.0;0.0;0.0;0.0;0.0;0.0;0.0;0.0
PORLAMAR;0.0;0.0;0.0;0.0;0.0;0.0;0.0;0.0;0.0;0.0;0.0;0.0;0.0
EL MORRO;0.0;0.0;0.0;0.0;0.0;0.0;0.0;0.0;0.0;0.0;0.0;0.0;0.0
LA PERLA;0.0;0.0;0.0;0.0;0.0;0.0;0.0;0.0;0.0;0.0;0.0;0.0;0.0
ARACATACA;0.0;0.0;0.0;0.0;0.0;0.0;0.0;0.0;0.0;0.0;0.0;0.0;0.0
BOCATOMA;0.0;0.0;0.0;0.0;0.0;0.0;0.0;0.0;0.0;0.0;0.0;0.0;0.0
JOYA;0.0;0.0;0.0;0.0;0.0;0.0;0.0;0.0;0.0;0.0;0.0;0.0;0.0
ESMERALDA;0.0;0.0;0.0;0.0;0.0;0.0;0.0;0.0;0.0;0.0;0.0;0.0;0.0
NARANJOS;0.0;0.0;0.0;0.0;0.0;0.0;0.0;0.0;0.0;0.0;0.0;0.0;0.0
YUNQUE;0.0;0.0;0.0;0.0;0.0;0.0;0.0;0.0;0.0;0.0;0.0;0.0;0.0
DONAMA;0.0;0.0;0.0;0.0;0.0;0.0;0.0;0.0;0.0;0.0;0.0;0.0;0.0
BURDEOS;0.0;0.0;0.0;0.0;0.0;0.0;0.0;0.0;0.0;0.0;0.0;0.0;0.0
DON MARCE SUR 2;0.0;0.0;0.0;0.0;0.0;0.0;0.0;0.0;0.0;0.0;0.0;0.0;0.0
LAS MARGARITAS;0.0;0.0;0.0;0.0;0.0;0.0;0.0;0.0;0.0;0.0;0.0;0.0;0.0
LA CECILIA;0.0;0.0;0.0;0.0;0.0;0.0;0.0;0.0;0.0;0.0;0.0;0.0;0.0
JOSEFINA;0.0;0.0;0.0;0.0;0.0;0.0;0.0;0.0;0.0;0.0;0.0;0.0;0.0
SAN ALFREDO;0.0;0.0;0.0;0.0;0.0;0.0;0.0;0.0;0.0;0.0;0.0;0.0;0.0
VICTORIA;0.0;0.0;0.0;0.0;0.0;0.0;0.0;0.0;0.0;0.0;0.0;0.0;0.0
CIRCASIA;0.0;0.0;0.0;0.0;0.0;0.0;0.0;0.0;0.0;0.0;0.0;0.0;0.0
CIENAGA;0.0;0.0;0.0;0.0;0.0;0.0;0.0;0.0;0.0;0.0;0.0;0.0;0.0
MARIA;0.0;0.0;0.0;0.0;0.0;0.0;0.0;0.0;0.0;0.0;0.0;0.0;0.0
REMANSO;0.0;0.0;0.0;0.0;0.0;0.0;0.0;0.0;0.0;0.0;0.0;0.0;0.0
PIEDECUESTA;0.0;0.0;0.0;0.0;0.0;0.0;0.0;0.0;0.0;0.0;0.0;0.0;0.0
NAUTICA;0.0;0.0;0.0;0.0;0.0;0.0;0.0;0.0;0.0;0.0;0.0;0.0;0.0
LAS LINAS;0.0;0.0;0.0;0.0;0.0;0.0;0.0;0.0;0.0;0.0;0.0;0.0;0.0
DON ALI;0.0;0.0;0.0;0.0;0.0;0.0;0.0;0.0;0.0;0.0;0.0;0.0;0.0
DR4 DON ALI;0.0;0.0;0.0;0.0;0.0;0.0;0.0;0.0;0.0;0.0;0.0;0.0;0.0
DON CARLOS;0.0;0.0;0.0;0.0;0.0;0.0;0.0;0.0;0.0;0.0;0.0;0.0;0.0
EVA NORTE;0.0;0.0;0.0;0.0;0.0;0.0;0.0;0.0;0.0;0.0;0.0;0.0;0.0
DON PEDRO;0.0;0.0;0.0;0.0;0.0;0.0;0.0;0.0;0.0;0.0;0.0;0.0;0.0
LA VELA;0.0;0.0;0.0;0.0;0.0;0.0;0.0;0.0;0.0;0.0;0.0;0.0;0.0
ESPERANZA;0.0;0.0;0.0;0.0;0.0;0.0;0.0;0.0;0.0;0.0;0.0;0.0;0.0
LINA MARGARITA;0.0;0.0;0.0;0.0;0.0;0.0;0.0;0.0;0.0;0.0;0.0;0.0;0.0
DON MARCE;0.0;0.0;0.0;0.0;0.0;0.0;0.0;0.0;0.0;0.0;0.0;0.0;0.0
ENANO;0.0;0.0;0.0;0.0;0.0;0.0;0.0;0.0;0.0;0.0;0.0;0.0;0.0
EVA;0.0;0.0;0.0;0.0;0.0;0.0;0.0;0.0;0.0;0.0;0.0;0.0;0.0
SAMI;0.0;0.0;0.0;0.0;0.0;0.0;0.0;0.0;0.0;0.0;0.0;0.0;0.0
VEGA;0.0;0.0;0.0;0.0;0.0;0.0;0.0;0.0;0.0;0.0;0.0;0.0;0.0
FEDERICA;0.0;0.0;0.0;0.0;0.0;0.0;0.0;0.0;0.0;0.0;0.0;0.0;0.0
NEERLANDIA;0.0;0.0;0.0;0.0;0.0;0.0;0.0;0.0;0.0;0.0;0.0;0.0;0.0
SAN ANTONIO;0.0;0.0;0.0;0.0;0.0;0.0;0.0;0.0;0.0;0.0;0.0;0.0;0.0
MRS;0.0;0.0;0.0;0.0;0.0;0.0;0.0;0.0;0.0;0.0;0.0;0.0;0.0
DON FUAD;0.0;0.0;0.0;0.0;0.0;0.0;0.0;0.0;0.0;0.0;0.0;0.0;0.0
EUFEMIA;0.0;0.0;0.0;0.0;0.0;0.0;0.0;0.0;0.0;0.0;0.0;0.0;0.0
OLGA;0.0;0.0;0.0;0.0;0.0;0.0;0.0;0.0;0.0;0.0;0.0;0.0;0.0
DON SAID;0.0;0.0;0.0;0.0;0.0;0.0;0.0;0.0;0.0;0.0;0.0;0.0;0.0
ASUNTINA;0.0;0.0;0.0;0.0;0.0;0.0;0.0;0.0;0.0;0.0;0.0;0.0;0.0
PORLAMAR;0.0;0.0;0.0;0.0;0.0;0.0;0.0;0.0;0.0;0.0;0.0;0.0;0.0
EL MORRO;0.0;0.0;0.0;0.0;0.0;0.0;0.0;0.0;0.0;0.0;0.0;0.0;0.0
LA PERLA;0.0;0.0;0.0;0.0;0.0;0.0;0.0;0.0;0.0;0.0;0.0;0.0;0.0
ARACATACA;0.0;0.0;0.0;0.0;0.0;0.0;0.0;0.0;0.0;0.0;0.0;0.0;0.0
BOCATOMA;0.0;0.0;0.0;0.0;0.0;0.0;0.0;0.0;0.0;0.0;0.0;0.0;0.0
JOYA;0.0;0.0;0.0;0.0;0.0;0.0;0.0;0.0;0.0;0.0;0.0;0.0;0.0
ESMERALDA;0.0;0.0;0.0;0.0;0.0;0.0;0.0;0.0;0.0;0.0;0.0;0.0;0.0
NARANJOS;0.0;0.0;0.0;0.0;0.0;0.0;0.0;0.0;0.0;0.0;0.0;0.0;0.0
YUNQUE;0.0;0.0;0.0;0.0;0.0;0.0;0.0;0.0;0.0;0.0;0.0;0.0;0.0
DONAMA;0.0;0.0;0.0;0.0;0.0;0.0;0.0;0.0;0.0;0.0;0.0;0.0;0.0
BURDEOS;0.0;0.0;0.0;0.0;0.0;0.0;0.0;0.0;0.0;0.0;0.0;0.0;0.0
DON MARCE SUR 2;0.0;0.0;0.0;0.0;0.0;0.0;0.0;0.0;0.0;0.0;0.0;0.0;0.0
LAS MARGARITAS;0.0;0.0;0.0;0.0;0.0;0.0;0.0;0.0;0.0;0.0;0.0;0.0;0.0
LA CECILIA;0.0;0.0;0.0;0.0;0.0;0.0;0.0;0.0;0.0;0.0;0.0;0.0;0.0
JOSEFINA;0.0;0.0;0.0;0.0;0.0;0.0;0.0;0.0;0.0;0.0;0.0;0.0;0.0
SAN ALFREDO;0.0;0.0;0.0;0.0;0.0;0.0;0.0;0.0;0.0;0.0;0.0;0.0;0.0
VICTORIA;0.0;0.0;0.0;0.0;0.0;0.0;0.0;0.0;0.0;0.0;0.0;0.0;0.0
CIRCASIA;0.0;0.0;0.0;0.0;0.0;0.0;0.0;0.0;0.0;0.0;0.0;0.0;0.0
CIENAGA;0.0;0.0;0.0;0.0;0.0;0.0;0.0;0.0;0.0;0.0;0.0;0.0;0.0
MARIA;0.0;0.0;0.0;0.0;0.0;0.0;0.0;0.0;0.0;0.0;0.0;0.0;0.0
REMANSO;0.0;0.0;0.0;0.0;0.0;0.0;0.0;0.0;0.0;0.0;0.0;0.0;0.0
PIEDECUESTA;0.0;0.0;0.0;0.0;0.0;0.0;0.0;0.0;0.0;0.0;0.0;0.0;0.0
NAUTICA;0.0;0.0;0.0;0.0;0.0;0.0;0.0;0.0;0.0;0.0;0.0;0.0;0.0
LAS LINAS;0.0;0.0;0.0;0.0;0.0;0.0;0.0;0.0;0.0;0.0;0.0;0.0;0.0
DON ALI;0.0;0.0;0.0;0.0;0.0;0.0;0.0;0.0;0.0;0.0;0.0;0.0;0.0
DR4 DON ALI;0.0;0.0;0.0;0.0;0.0;0.0;0.0;0.0;0.0;0.0;0.0;0.0;0.0
DON CARLOS;0.0;0.0;0.0;0.0;0.0;0.0;0.0;0.0;0.0;0.0;0.0;0.0;0.0
EVA NORTE;0.0;0.0;0.0;0.0;0.0;0.0;0.0;0.0;0.0;0.0;0.0;0.0;0.0
DON PEDRO;0.0;0.0;0.0;0.0;0.0;0.0;0.0;0.0;0.0;0.0;0.0;0.0;0.0
LA VELA;0.0;0.0;0.0;0.0;0.0;0.0;0.0;0.0;0.0;0.0;0.0;0.0;0.0
ESPERANZA;0.0;0.0;0.0;0.0;0.0;0.0;0.0;0.0;0.0;0.0;0.0;0.0;0.0
LINA MARGARITA;0.0;0.0;0.0;0.0;0.0;0.0;0.0;0.0;0.0;0.0;0.0;0.0;0.0
DON MARCE;0.0;0.0;0.0;0.0;0.0;0.0;0.0;0.0;0.0;0.0;0.0;0.0;0.0
