;CONCEPTO;FINCA;SEMANA 1;SEMANA 2;SEMANA 3;SEMANA 4;SEMANA 5;SEMANA 6;SEMANA 7;SEMANA 8;SEMANA 9;SEMANA 10;SEMANA 11;SEMANA 12;SEMANA 13;SEMANA 14;SEMANA 15;SEMANA 16;SEMANA 17;SEMANA 18;SEMANA 19;SEMANA 20;SEMANA 21;SEMANA 22;SEMANA 23;SEMANA 24;SEMANA 25;SEMANA 26;SEMANA 27;SEMANA 28;SEMANA 29;SEMANA 30;SEMANA 31;SEMANA 32;SEMANA 33;SEMANA 34;SEMANA 35;SEMANA 36;SEMANA 37;SEMANA 38;SEMANA 39;SEMANA 40;SEMANA 41;SEMANA 42;SEMANA 43;SEMANA 44;SEMANA 45;SEMANA 46;SEMANA 47;SEMANA 48;SEMANA 49;SEMANA 50;SEMANA 51;SEMANA 52
0;CAJAS;ENANO;7969;8319;7813;7359;7989;5479;6037;6918;8895;8528;7881;10996;5932;9973;9081;9736;3075;6259;7684;7335;7933;9271;9187;9112;9794;9651;9473;9704;9755;9941;9967;9764;9638;9249;8932;8832;8854;8523;8166;8117;8542;8323;9164;9406;10244;9851;9751;9302;10343;10606;10349;9936
1;CAJAS;EVA;4098;6617;7238;7600;6414;4585;4992;5411;6998;5030;6915;8672;5511;8557;7658;6966;4637;4482;5003;5272;5683;5821;5436;5537;5980;5948;5860;6182;6379;6793;7191;7141;7266;6995;7244;7539;7895;7696;7549;7373;7799;7070;7407;7045;7287;6578;6586;6073;6218;6091;5903;5791
2;CAJAS;SAMI;4560;8771;9549;9418;8004;6011;5031;6875;8082;9268;10144;11023;6777;8463;9551;8376;4891;5626;6202;6690;6935;6782;6441;6791;7802;9330;10072;10491;10821;11369;11088;10469;10392;10567;10333;10346;10179;10164;9752;9622;9392;8219;8233;8250;8530;7911;7875;7546;8216;7893;7937;7645
3;CAJAS;VEGA;3625;3448;4037;2996;3455;2949;3097;3034;3528;4040;5456;5022;3034;4532;5040;4434;2609;3194;3464;3423;3382;3423;3399;3406;3547;3563;3586;3568;3713;3801;3945;3897;4036;4267;4484;4613;4705;4680;4758;4699;4928;4537;4869;4584;4547;3897;3637;3361;3460;3426;3303;3147
4;CAJAS;FEDERICA;5265;5243;3467;3098;3646;4033;4654;4113;5740;5822;5380;7296;3453;5413;6927;7337;1839;4916;6789;6781;8183;8249;8102;7695;7826;8369;8470;8596;8760;8980;9444;9611;9242;8671;8985;9627;9700;9431;9598;9472;10082;9743;10303;9370;9802;8779;8725;8484;9021;8505;7837;7814
5;CAJAS;NEERLANDIA;3000;5787;5936;4399;3398;3414;3938;3912;3929;4360;5352;7424;4904;6812;6957;6799;6637;6232;5758;5387;5306;5422;5372;5475;5649;5955;5870;5777;5992;6599;6614;6515;6945;7134;6968;7020;6942;7086;7356;7501;7763;7180;7604;7292;7647;7244;7242;7030;7626;7687;7127;6831
6;CAJAS;SAN ANTONIO;4680;5584;8506;6538;4917;3309;6143;5854;5890;6808;6846;8757;4908;7925;5999;6799;5104;5508;6138;6017;5968;6205;6100;6106;6445;6913;7068;6968;7169;7499;7501;7315;7659;7883;7867;7906;7876;7814;7819;7948;8190;7514;8010;7607;7946;7365;7206;6547;6818;6831;6339;6299
7;CAJAS;MRS;2254;3631;3980;2133;2343;1970;2104;1945;2398;1446;2927;2915;2999;1965;1461;1470;2263;2053;1776;1794;1915;2111;2201;2181;2204;2391;2460;2508;2525;2607;2571;2525;2537;2489;2561;2507;2589;2654;2691;2653;2734;2484;2659;2595;2765;2509;2461;2323;2409;2317;2214;2246
8;CAJAS;DON FUAD;6749;8353;6299;5817;7720;7329;4817;4965;7601;6891;10710;10522;8849;12043;11044;10182;8209;7503;6944;6897;7262;7321;7320;7386;7603;7955;7997;8164;8465;8776;8919;9566;9853;10435;10864;11125;10761;11174;10750;10992;11481;10780;11200;10572;10791;9457;9097;8538;9069;8758;8302;8041
9;CAJAS;EUFEMIA;9138;12311;13580;12180;11745;8499;9751;9419;12271;11988;12508;14928;12436;12416;12225;11766;10625;11250;11436;12300;14126;15245;15075;14993;15268;15859;15831;15332;15092;14824;14677;14484;15410;15925;15673;15791;15825;16073;15916;15588;15952;15110;15790;15241;15896;14806;15092;14462;15374;15398;15053;14977
10;CAJAS;OLGA;2960;2754;1919;2118;1625;1929;1958;2207;2057;2687;2765;2977;1971;2935;2007;2927;2111;2107;2138;2143;2309;2550;2602;2683;2742;2861;2848;2835;2887;2915;2921;2838;2933;2980;2865;2881;2899;2953;2986;3057;3233;3050;3199;3016;3050;2745;2623;2373;2474;2437;2297;2351
11;CAJAS;DON SAID;17746;16791;24484;20235;22940;18146;18672;24133;28517;22391;23747;24961;20501;24832;27370;30032;19268;20855;19904;19002;18364;18136;18295;18679;19984;21562;21535;21336;21157;22913;23328;23352;24367;24970;25157;26650;27402;27518;27867;28317;29194;26889;28421;27603;28082;24777;23192;20599;21022;20784;19606;19873
12;CAJAS;ASUNTINA;6819;9675;11727;12789;14506;12338;14651;13603;15331;14783;14716;16468;5976;11622;10821;9347;7862;5213;6856;8009;8635;8738;8449;8979;7627;7604;8503;9075;10100;10690;11011;11507;12337;12970;13338;14681;15816;15346;14667;14483;14301;13987;13872;13131;12081;10947;10581;10181;9382;9252;9264;9216
13;CAJAS;PORLAMAR;18187;21267;21526;24924;19974;17028;18250;18539;20669;20713;20729;26415;17217;22797;20594;20311;18769;19713;19196;19142;20087;21103;20273;21528;23571;24162;24641;25902;27531;29548;31145;32777;34998;37249;38746;37794;36746;35571;34963;34118;32373;29996;29076;27839;25838;23474;22158;21151;20359;19728;19305;19780
14;CAJAS;EL MORRO;1452;2054;2207;2072;1856;2646;3724;2976;3231;3130;2337;2251;2350;2315;2154;2085;1671;1619;2155;2231;2995;2681;2759;3089;3252;3428;3545;3400;3488;3361;3412;3318;3062;2827;2405;1996;1907;1948;1991;2096;2139;2041;2007;2032;2185;2102;2225;2239;2330;2349;2522;2326
15;CAJAS;LA PERLA;3072;3677;4032;3910;3099;3025;2993;2986;3613;1882;3408;3538;3584;3608;3297;2645;2673;2427;2448;2172;2550;2497;2528;2864;3180;3411;3581;3534;3691;3719;3876;3910;3834;3847;3625;3468;3504;3531;3461;3491;3404;3138;2919;2842;2921;2786;2937;2873;2728;2524;2585;2316
16;CAJAS;ARACATACA;9895;8877;10857;10343;10208;6758;9399;6784;9754;11461;11814;12106;8293;13743;10098;9689;9379;10063;10254;10586;10296;9994;9979;11932;13399;13790;14125;14744;14416;14964;14877;15730;15979;17129;15837;17028;17350;17535;17954;15962;15835;15899;15628;15268;14909;14232;13773;13416;13140;12702;12299;12161
17;CAJAS;BOCATOMA;0;96;0;912;3855;7290;8228;7758;6722;6719;7202;7345;5446;8890;7828;6730;7580;9731;10146;9681;7979;5699;4506;3333;2907;2719;3042;3445;4123;4694;5159;5342;4547;5260;6879;6852;8025;8974;9670;10568;11232;11814;12335;12357;11853;11089;10374;10016;9715;9600;9361;8863
18;CAJAS;JOYA;6347;9277;8003;6306;6909;6057;5249;5172;6163;6239;6262;6796;7830;10678;8330;7895;7081;8536;8820;9076;9275;9965;10357;10830;11242;11468;11946;12192;12347;13519;13156;12873;13219;13222;12705;12734;12391;12044;12152;11224;11311;10357;10271;9929;9862;9535;9222;8628;8403;8379;8009;7889
19;CAJAS;ESMERALDA;0;0;0;0;0;0;0;0;0;0;0;0;0;0;0;0;0;0;0;0;0;0;0;0;0;0;0;0;0;0;0;0;0;0;0;0;0;0;0;0;0;0;0;0;0;0;0;0;0;0;0;0
20;CAJAS;NARANJOS;2764;3200;2746;2568;2743;2096;2102;2858;2609;2633;2684;3116;3731;3655;4206;4159;4709;4330;4039;3961;4133;4131;4030;3916;3925;3995;3971;3992;3986;4105;4064;3839;3839;3922;3910;4096;4385;4776;5171;5439;5703;5353;5654;5420;5481;4970;4859;4540;4755;4591;4183;4000
21;CAJAS;YUNQUE;2648;2621;3137;3122;3081;2126;2129;2090;2634;3191;3658;5247;2609;4802;5233;4774;2745;2823;2937;2857;2907;2968;2985;3074;3319;3528;3560;3512;3570;3920;4060;3938;4075;4123;4104;4268;4396;4416;4390;4375;4405;3865;3959;3750;3904;3553;3483;3137;3189;3078;2953;3049
22;CAJAS;DONAMA;4367;3845;5297;4259;4132;4108;4307;3376;2603;2612;3183;4794;3650;3114;2141;2096;1646;1717;2110;2450;2570;2748;2854;2911;2937;3388;3663;3140;2797;1577;0;0;0;0;0;0;0;0;0;0;0;0;0;0;0;0;0;0;0;0;0;0
23;CAJAS;BURDEOS;0;0;0;0;0;0;0;0;0;0;0;0;0;0;0;0;0;0;0;0;0;0;0;0;0;0;0;0;0;0;0;0;0;0;0;0;0;0;0;0;0;0;0;0;0;0;0;0;0;0;0;0
24;CAJAS;DON MARCE SUR 2;1900;3817;2895;2907;2760;1951;1951;2477;2806;2393;3376;3387;4011;2918;2863;2888;1556;2027;2264;2173;2080;2211;2238;2195;2236;2538;2328;2309;2368;2392;2394;2476;2684;2875;3138;3304;3409;3170;3193;3123;3128;3400;3171;3378;3223;3162;2888;3176;3236;2574;3059;2676
25;CAJAS;LAS MARGARITAS;1869;4322;4328;5614;3371;3364;3846;3844;4369;5288;7011;7238;4281;7327;5231;6816;5401;5353;5373;5371;5476;5471;5201;5028;5005;5130;5117;5106;5174;5655;5785;5781;6246;6586;6546;6710;6882;7108;7256;7228;7319;6658;6733;6168;6081;5248;4916;4416;4674;4779;4549;4519
26;CAJAS;LA CECILIA;1866;1929;1936;2562;2423;2375;2329;1893;1949;2426;2464;2867;2904;1938;2878;2385;2043;2032;2065;2112;2263;2427;2517;2675;2764;2787;2835;3058;3291;3601;3784;3959;4195;4428;4480;4400;4329;4305;4069;3736;3671;3267;3462;3336;3268;2725;2568;2303;2310;2261;2243;2312
27;CAJAS;JOSEFINA;2952;3899;3883;3835;3604;2834;2881;2933;4523;4522;4962;4926;4328;4988;3875;3875;2777;3168;3378;3386;3931;3996;3938;3775;3883;3909;3672;3699;3850;4658;4438;4132;4382;4565;4597;4712;4940;5004;5076;4993;5110;4539;4652;4409;4410;3956;3888;3556;3702;3692;3443;3511
28;CAJAS;SAN ALFREDO;1869;2354;1921;1932;1934;1934;1934;1896;2412;2414;3327;3999;2889;4174;4028;3365;1661;2255;2515;2504;2376;2202;2088;2092;2173;2287;2273;2261;2261;2389;2420;2343;2418;2423;2231;2302;2341;2438;2576;2649;2722;2767;2572;2426;2382;2372;2191;2028;2121;2088;2038;2043
29;CAJAS;VICTORIA;6329;12667;10630;12311;9720;9828;8008;7947;9353;11317;9513;13979;9871;9516;10108;9766;9132;9733;8980;8762;8726;8906;8863;9155;9849;10512;10525;10392;10353;11068;11220;11139;11538;11890;11878;11966;11699;11510;11707;11581;11777;10604;10863;10296;10628;9529;9406;8746;9099;8941;8653;8626
30;CAJAS;CIRCASIA;4500;7451;7455;7497;6296;4872;5450;5916;7457;6732;8336;9673;6425;4896;3852;3402;3746;3440;3339;3030;3557;3941;4459;5027;5963;6692;7334;8042;8537;9499;9411;9418;9576;9556;8997;9098;9022;8887;8084;7737;7520;7198;6654;6430;6459;5605;5360;5011;4899;4679;4564;4478
31;CAJAS;CIÉNAGA;1682;2885;2879;3920;1917;2177;2404;3013;2366;2882;2405;2882;2400;2889;2839;2882;1529;2234;2457;2253;2298;2535;2633;2616;2752;2859;2870;2853;2810;2765;2878;2917;2972;3048;2978;2923;2844;2829;2883;2797;2849;2621;2585;2413;2616;2300;2438;2356;2331;2224;2133;2135
32;CAJAS;MARÍA;1248;1245;2055;720;821;909;884;740;864;960;957;957;960;960;1431;1985;1429;1989;2429;2713;2711;2924;2966;2907;2571;2370;2275;2442;2540;2521;2405;2221;2227;2213;2097;2132;2116;2083;2075;2148;2291;2223;2516;2485;2588;2413;2433;2221;2434;2582;2504;2513
33;CAJAS;REMANSO;6629;11627;9518;8793;7070;6809;7696;5388;7709;10414;11550;17789;10783;14514;14639;13864;13396;13615;13023;12725;12897;13162;13024;12986;13165;13628;13289;13297;13548;14011;14769;15497;16039;16388;16466;17220;17896;18222;18360;18218;16699;17008;17050;17259;16575;15675;14128;15968;13037;9958;13487;11894
34;CAJAS;PIEDECUESTA;3811;7266;8358;12423;7546;12110;9820;7939;9658;8991;9845;10045;5985;5684;3956;2874;2405;2655;2830;2828;3104;3263;3509;3707;3929;4180;4450;4751;5112;5489;5823;6071;6413;6493;6923;7785;8148;8956;10141;10934;11057;10779;10621;9878;9548;8488;8193;7638;7508;7274;6942;6339
35;CAJAS;NÁUTICA;12788;18465;23038;18581;14975;10711;11966;10281;11475;12364;11683;12368;7269;9515;8228;7478;8594;6667;7822;8505;9171;9353;9989;11042;11529;11327;10618;10639;11173;11784;11095;12095;13316;14138;14777;14751;15233;14794;14494;14812;14520;13824;13678;12414;12605;11543;10690;10114;10151;10181;9819;9545
36;CAJAS;LAS LINAS;10540;12691;13604;11694;15643;10756;13921;15739;14905;14906;14573;16983;13679;16987;16278;14717;16024;9826;12077;16081;12460;17200;14099;14372;15136;15948;14158;11870;11173;10570;10994;10560;11158;11666;12001;11639;13207;12099;14272;9899;12411;11947;13192;11344;11212;10011;10163;8397;9058;8730;8757;9113
37;CAJAS;DON ALÍ;3823;7255;5782;5817;6784;4847;5165;5370;4065;4241;5291;8013;4657;8116;7872;7182;6244;5133;5384;5883;6150;7112;8059;7687;8192;8254;7898;7717;7849;7700;7754;8739;7878;8622;8123;7417;7889;9292;7036;6453;8805;7414;8228;8691;7234;2351;5620;6179;6058;5698;5775;5663
38;CAJAS;DR4 DON ALÍ;0;0;35;0;350;432;700;470;787;1576;1011;183;1165;1687;820;497;989;407;57;113;444;532;348;434;204;268;182;219;243;284;308;566;623;897;1092;1053;1024;1261;1061;1067;1487;1170;1124;1164;990;333;745;746;669;615;554;523
39;CAJAS;DON CARLOS;2858;3398;4831;1944;3398;1454;924;967;972;969;485;1454;1941;1939;2913;2913;2428;2970;2885;2777;3134;3435;3709;3641;3824;3598;4175;4578;5027;4969;4972;4862;4758;4615;4225;3714;3178;2834;2653;2525;2418;2402;2400;2403;2430;2502;2682;2870;3003;3044;3066;3114
40;CAJAS;EVA NORTE;9857;16865;18733;17549;26245;17543;17958;21972;15855;16228;19405;19547;13595;15611;12817;8744;11617;8924;10679;10990;13585;14215;15954;16841;18435;18277;18466;20255;22968;26890;26715;26957;28002;28065;27165;26802;25882;23524;21754;19749;16910;16536;15648;14227;13091;12505;12919;12940;12989;12943;13378;13718
41;CAJAS;DON PEDRO;5003;5940;7372;7610;9427;7755;4051;5869;6404;6884;7911;11067;5882;7838;7727;6927;6964;3859;5700;5435;5749;6056;6670;7022;7576;8367;8767;9250;10232;11848;10587;10460;11529;12118;12719;12490;11672;11185;9930;9096;8340;8738;8593;7820;7541;6976;7097;6242;6681;6788;6464;6267
42;CAJAS;LA VELA;2742;1987;5088;2700;4176;3840;3876;4866;2400;4800;5712;5712;4800;5760;4037;4800;2880;3560;3880;3095;3557;3721;4850;5292;5812;6836;7197;6906;7150;9700;7069;6767;6379;9563;5672;7640;7168;6010;5445;4875;4631;4772;4408;4304;4022;3696;3576;3379;2935;3134;2843;2704
43;CAJAS;ESPERANZA;3828;4911;4847;5822;5826;5812;4768;4850;3883;5567;6972;7969;5879;6995;6978;4507;2976;2575;3897;3568;3925;4255;4602;4941;4942;5177;5094;5014;5249;5634;6176;6548;7236;7120;6829;6822;6776;6607;6304;5835;5327;4634;4859;4442;3892;3859;3898;3872;3999;3865;3826;3714
44;CAJAS;LINA MARGARITA;1046;2191;1128;2236;1160;2132;2111;1262;2240;1183;2322;1454;2711;1442;2768;1453;1528;1422;1447;1586;1488;1552;1487;1456;1467;1521;2821;1901;2077;2114;2203;2177;2093;2164;3149;2554;2184;2194;2134;2024;1218;1650;1481;1874;1791;1561;1309;1427;1324;1275;1205;1266
45;CAJAS;DON MARCE;0;0;0;0;0;0;0;0;0;165;273;469;773;1162;1644;2028;2370;2494;2583;2621;2380;2669;2387;2392;2377;2446;2565;2659;2736;2651;2622;2525;2506;2525;2661;3056;3537;4048;4502;4775;4947;5397;5943;6685;7475;8195;8955;9835;10516;11150;11255;11034
46;CORTADOS;ENANO;8896;8985;8970;8662;9454;6919;7165;7927;9994;9426;8794;12164;6723;11182;10149;11015;3464;6969;8518;8161;8643;9950;9652;9337;9946;9606;9340;9526;9574;9711;9753;9610;9474;9034;8807;8757;8746;8443;8131;8127;8723;8474;9589;9743;10571;10068;10050;9663;10739;11234;10804;10373
47;CORTADOS;EVA;4108;6964;7617;8266;7580;5255;5872;6346;7976;5715;7648;9350;6190;9491;8978;7962;5357;5144;5610;5948;6241;6318;5930;5864;6339;6226;6041;6280;6353;6727;7121;7108;7197;6894;7212;7577;7976;7786;7756;7695;8002;7284;7646;7385;7714;7029;6929;6431;6562;6460;6221;6141
48;CORTADOS;SAMI;4829;9594;10506;11102;10025;7702;6363;8359;9234;10631;11707;12529;7931;9929;11166;9808;5781;6569;7205;7694;7803;7655;7110;7181;8080;9420;10073;10223;10306;10942;10663;10072;9976;10162;9930;10036;9978;9938;9796;9568;9514;8561;8748;8496;8841;8359;8460;8155;8658;8530;8517;8261
49;CORTADOS;VEGA;3314;3217;3929;3050;3406;2987;3085;2983;3403;3758;5061;4650;2847;4197;4625;4191;2460;2955;3205;3139;3074;3111;3088;3026;3152;3096;3038;3024;3095;3168;3288;3247;3363;3556;3768;3909;4003;4067;4135;4208;4358;4048;4288;4072;4076;3524;3319;3068;3217;3185;3071;2926
50;CORTADOS;FEDERICA;7992;6804;5751;4656;4817;5194;5784;5223;7234;7506;6644;8706;4207;6548;8328;8956;2225;5891;7992;7953;9597;9654;9305;8655;8704;9295;9362;9482;9546;9762;10121;10363;9909;9437;9929;10543;10837;10727;10882;10891;11401;11270;12029;10968;11542;10458;10373;10085;10747;10089;9357;9339
51;CORTADOS;NEERLANDIA;3432;6663;7061;6020;4598;4629;5028;4947;4853;5242;6207;8421;5444;7447;7627;7481;7318;6742;6125;5658;5487;5541;5363;5364;5474;5662;5557;5464;5556;6106;6126;6128;6466;6699;6634;6818;6900;7159;7307;7524;7854;7274;7768;7506;7915;7464;7447;7152;7814;7847;7278;6982
52;CORTADOS;SAN ANTONIO;5874;7027;10499;9218;6788;4989;7993;7858;7748;9063;8684;10713;6004;9702;7202;8085;6059;6517;7128;6816;6647;6750;6472;6351;6631;6964;6954;6848;7036;7415;7353;7217;7513;7803;7900;8107;8074;8147;8341;8595;8945;8303;8745;8373;8700;8069;7905;7182;7494;7479;6981;6945
53;CORTADOS;MRS;2735;4894;5527;3226;3362;2969;2873;2925;3371;1974;3775;3695;3875;2544;1990;1939;2886;2601;2258;2239;2368;2587;2669;2620;2690;2842;2939;2980;2983;3090;3024;3037;3089;2986;3088;3066;3134;3189;3221;3243;3360;3085;3305;3287;3474;3165;3098;2897;3028;2915;2783;2825
54;CORTADOS;DON FUAD;8207;10998;8350;7721;10374;10124;6280;6801;9255;8397;13289;12099;10853;15016;13147;12586;10167;9368;8558;8425;8619;8572;8352;8253;8570;8776;8780;8954;9271;9688;9759;10482;10937;11401;12055;12629;12546;12850;12325;12711;13274;12411;13017;12322;12448;11034;10593;9941;10581;10176;9708;9413
55;CORTADOS;EUFEMIA;9715;13546;14584;14420;14201;10355;11455;11125;14371;14461;14494;16894;14219;14358;14231;13355;11953;12541;12540;13251;14886;15762;15426;14957;14937;15175;14838;14268;14070;13865;13631;13568;14367;14968;15009;15084;15381;15810;15801;15664;16182;15577;16379;15874;16709;15652;15820;15204;16406;16388;15949;15886
56;CORTADOS;OLGA;3567;3532;2481;2853;2113;2576;2569;2863;2646;3578;3539;3743;2530;3699;2540;3458;2456;2444;2450;2449;2609;2786;2801;2817;2848;2923;2897;2840;2873;2922;2917;2853;2931;3006;2931;2954;3046;3155;3265;3407;3639;3437;3639;3458;3558;3240;3090;2794;2920;2864;2717;2753
57;CORTADOS;DON SAID;25425;24229;37454;32426;36037;27828;26969;34175;40213;31712;32797;33909;27259;33581;36430;40686;26821;28655;26547;25145;24040;23381;22860;22924;23876;25196;25135;24877;24773;26990;27258;27334;28316;29318;29854;31762;32765;33458;34440;35356;36974;34064;36083;35089;36266;32035;29901;26542;27129;26702;25371;25758
58;CORTADOS;ASUNTINA;9433;12855;15294;17142;20305;17310;20237;19396;22071;20759;19684;21162;7812;15339;14041;12736;10287;6799;9014;10340;10894;10890;10127;10545;8603;8498;9620;10278;11153;11664;12008;12851;13662;14332;15001;16906;18470;18148;17723;17652;17627;17505;17294;16827;15660;14181;13878;13514;12403;12176;12193;12128
59;CORTADOS;PORLAMAR;23246;28213;28204;34492;30218;26227;27337;27736;30043;30584;28828;35698;22966;30130;26925;25824;23097;24130;23343;22196;22658;23238;21771;22439;23735;23147;23399;24469;26212;27961;29351;31226;33450;35923;37899;38454;38322;38300;38283;37880;36309;34367;33642;32479;29814;27397;25962;24930;24047;23201;22852;23439
60;CORTADOS;EL MORRO;1683;2448;2516;2969;2371;3652;5066;4114;4450;4128;3058;2923;2998;3002;2765;2639;2108;1960;2581;2646;3464;3029;3061;3392;3467;3543;3519;3444;3376;3276;3242;3121;2983;2807;2508;2252;2182;2226;2370;2508;2566;2595;2580;2611;2776;2715;2792;2858;2974;3031;3219;2923
61;CORTADOS;LA PERLA;3271;3836;4406;4514;3932;4047;3703;3613;4380;2178;3851;3970;3955;3990;3571;2797;2789;2417;2415;2124;2464;2387;2402;2698;2919;3047;3054;3070;3110;3153;3180;3213;3278;3334;3292;3335;3410;3437;3491;3537;3458;3354;3149;3065;3123;3020;3107;3083;2930;2739;2779;2459
62;CORTADOS;ARACATACA;11294;10331;12580;13143;12812;8655;11687;8126;11648;14278;14331;14482;9927;16565;12167;11574;10898;11502;11642;12047;11566;10970;11125;13036;13966;14092;14364;14434;13968;14382;14145;14989;15253;16435;15333;16803;17458;18191;19030;17313;17344;17428;17286;17013;16450;15874;15332;14934;14656;14111;13745;13604
63;CORTADOS;BOCATOMA;0;181;0;1307;4627;7998;9636;8807;7896;7707;8307;8904;6090;10282;8737;7242;8269;10769;11410;11231;9307;6543;5163;3869;3253;3085;3387;3884;4647;5333;5817;5977;4956;5565;6720;6399;7190;7740;8240;8771;9247;9729;10042;10009;9775;9123;8607;8228;7993;7873;7757;7339
64;CORTADOS;JOYA;7993;11863;10292;8467;9684;8616;7586;7222;8619;8533;8273;8652;10111;13645;10695;9702;8692;10405;10549;10698;10657;11299;11425;11712;11899;12048;12477;12719;12966;14330;13816;13606;13878;14003;13650;13981;13965;13798;13873;12977;13215;12033;12188;11922;11717;11468;11139;10437;10143;10069;9695;9566
65;CORTADOS;ESMERALDA;0;0;0;0;0;0;0;0;0;0;0;0;0;0;0;0;0;0;0;0;0;0;0;0;0;0;0;0;0;0;0;0;0;0;0;0;0;0;0;0;0;0;0;0;0;0;0;0;0;0;0;0
66;CORTADOS;NARANJOS;3335;3986;3398;3203;3568;2896;2729;3760;3464;3538;3356;3763;4651;4412;5093;4870;5451;4915;4529;4362;4411;4355;4149;3956;3920;3914;3874;3891;3916;4063;3970;3773;3845;3963;4009;4292;4709;5220;5634;6007;6365;5948;6338;6124;6303;5716;5590;5223;5475;5265;4826;4620
67;CORTADOS;YUNQUE;2904;2830;3441;3445;3743;2549;2481;2337;2951;3582;3927;5847;2730;5093;5729;5150;2958;3038;3109;3007;2985;3029;2975;3018;3225;3366;3334;3199;3261;3564;3708;3643;3721;3754;3762;3988;4139;4248;4266;4323;4367;3967;4113;3937;4098;3830;3799;3411;3416;3354;3256;3322
68;CORTADOS;DONAMA;5457;5214;6866;5724;5826;5531;5838;4587;3572;3511;4132;6375;5055;4457;3002;2922;2280;2384;2891;3319;3439;3670;3818;3901;3884;4471;4871;4225;3755;2141;0;0;0;0;0;0;0;0;0;0;0;0;0;0;0;0;0;0;0;0;0;0
69;CORTADOS;BURDEOS;0;0;0;0;0;0;0;0;0;0;0;0;0;0;0;0;0;0;0;0;0;0;0;0;0;0;0;0;0;0;0;0;0;0;0;0;0;0;0;0;0;0;0;0;0;0;0;0;0;0;0;0
70;CORTADOS;DON MARCE SUR 2;2487;4923;3982;4055;4147;2835;2817;3561;3982;3440;4646;4520;5678;3910;4023;3958;2146;2784;3068;2932;2773;2902;3001;2905;2912;3218;2917;2852;2921;2925;2880;2962;3192;3376;3684;3905;4028;3753;3811;3852;3747;4101;3820;4103;3968;3941;3593;3950;4034;3193;3822;3348
71;CORTADOS;LAS MARGARITAS;2058;4649;4616;6518;3867;3926;4459;4320;4638;5761;7396;7745;4321;7516;5342;6959;5491;5427;5440;5348;5374;5307;4936;4687;4644;4673;4600;4506;4600;4952;5071;5098;5478;5873;6022;6292;6512;6831;7011;7007;7158;6485;6707;6247;6228;5431;5078;4561;4837;4927;4716;4690
72;CORTADOS;LA CECILIA;2107;2089;2176;2996;2712;2889;2804;2150;2149;2702;2704;3039;3190;2134;3087;2600;2192;2131;2126;2138;2269;2418;2512;2621;2620;2651;2660;2827;3039;3318;3476;3671;3872;4121;4150;4249;4217;4259;4112;3876;3844;3474;3699;3533;3466;2891;2704;2424;2436;2376;2370;2445
73;CORTADOS;JOSEFINA;3302;4581;4558;4528;4359;3433;3474;3420;5052;5130;5618;5583;4911;5649;4386;4448;3183;3581;3836;3791;4355;4377;4252;4016;4079;4026;3727;3730;3858;4703;4421;4141;4368;4547;4624;4791;4949;5045;5104;5084;5176;4671;4828;4608;4734;4292;4254;3931;4101;4074;3822;3902
74;CORTADOS;SAN ALFREDO;2008;2626;2143;2060;2203;2269;2219;2159;2532;2586;3410;4033;2930;4126;4016;3398;1671;2274;2509;2505;2319;2146;2009;1976;2031;2079;2039;2008;2023;2152;2153;2098;2153;2175;2067;2155;2243;2329;2454;2582;2690;2820;2671;2551;2483;2473;2280;2110;2211;2169;2129;2136
75;CORTADOS;VICTORIA;6007;12405;10415;12630;10284;10670;8546;8520;9871;12378;10172;14619;10735;10623;10661;10299;9630;10039;9161;8739;8659;8657;8433;8553;8954;9427;9378;9245;9274;9923;10024;9932;10315;10720;10814;10987;11082;11075;11236;11251;11543;10460;10803;10211;10454;9466;9273;8622;8987;8800;8561;8543
76;CORTADOS;CIRCASIA;4726;8282;8561;8656;7463;5702;6466;7215;8610;7688;9336;11145;7141;5940;4529;3829;4191;3855;3738;3369;3850;4014;4239;4403;4871;5310;5820;6326;6834;7533;7552;7604;7691;7732;7345;7467;7586;7581;7021;6940;6949;6547;6096;5879;6029;5327;5091;4760;4682;4457;4369;4290
77;CORTADOS;CIÉNAGA;1735;2930;3048;4207;2186;2483;2624;3364;2643;3235;2606;3141;2631;3180;3050;3071;1635;2321;2592;2395;2382;2596;2634;2569;2676;2790;2762;2691;2671;2647;2721;2774;2811;2908;2937;2946;2967;3001;3049;2996;3119;2888;2875;2674;2935;2609;2761;2697;2674;2541;2452;2456
78;CORTADOS;MARÍA;1425;1518;2369;847;958;1134;1025;882;1007;1134;1118;1129;1164;1193;1821;2424;1641;2214;2700;2884;2810;2963;2938;2825;2472;2235;2116;2228;2335;2333;2198;2043;2037;2042;1998;2074;2087;2130;2137;2219;2414;2382;2718;2761;2943;2806;2824;2638;2897;3059;2986;2999
79;CORTADOS;REMANSO;9333;17508;13529;12846;10481;10734;11728;8212;10957;14696;15872;23674;14263;19163;18982;18297;17499;17781;16660;15952;15719;15692;15303;15010;15048;15274;14807;14737;15161;15696;16387;17335;17901;18486;18758;19586;20335;20805;20944;21081;19525;20029;20280;20501;19933;19019;17107;19336;15827;12066;16416;14486
80;CORTADOS;PIEDECUESTA;4754;9040;10431;14973;9427;15268;12521;9696;12131;11592;12548;12922;7894;7423;5185;3612;2924;3196;3371;3303;3522;3655;3827;3959;4142;4313;4527;4727;4965;5366;5618;5899;6193;6380;6789;7479;7870;8785;9922;10852;11329;11228;11211;10767;10700;9532;9142;8614;8575;8337;7923;7281
81;CORTADOS;NÁUTICA;16304;24097;30667;28208;24711;17631;21042;18027;20194;22782;21883;21454;12382;15970;13178;11678;12881;9641;11235;12222;12888;12693;13175;14161;14419;13672;12520;12139;12510;13148;12137;13074;14176;15058;15849;16173;16949;16814;16661;17381;17461;17084;17096;15574;15905;14673;13603;12796;12824;12827;12416;12034
82;CORTADOS;LAS LINAS;10643;12614;13707;12301;16127;10699;13795;16057;14636;14742;14073;15981;12956;16083;15366;14009;15136;9090;11307;14828;11237;15348;12334;12369;12907;13378;11733;9864;9233;8789;9112;8733;9227;9605;10074;9942;11741;10915;12838;9008;11643;11271;12833;11370;11464;10338;10479;8658;9356;8983;9061;9438
83;CORTADOS;DON ALÍ;4875;8834;7159;7593;9874;7303;8099;7880;5923;6007;7422;10593;6446;10088;9690;8804;7618;6227;6160;6484;6531;7095;7543;7041;7042;6887;6508;6395;6551;6520;6486;7293;6654;7485;7446;7043;7669;9147;7187;6777;9828;8315;9284;9785;8255;2726;6467;7102;6975;6522;6663;6537
84;CORTADOS;DR4 DON ALÍ;0;0;44;0;558;757;891;594;1063;1940;1259;227;1439;2387;997;621;1184;392;52;100;387;460;298;378;170;219;148;178;202;239;260;475;541;789;979;951;929;1176;1007;1032;1491;1179;1174;1206;1039;341;791;792;711;658;591;559
85;CORTADOS;DON CARLOS;2992;3619;5187;2082;4103;1859;1263;1286;1223;1070;558;1372;1851;1802;2733;2813;2699;3046;2828;2515;2778;2922;3052;2917;2949;2680;3040;3315;3663;3640;3611;3588;3519;3437;3231;2921;2618;2417;2350;2310;2292;2290;2315;2373;2436;2542;2730;2933;3087;3128;3180;3245
86;CORTADOS;EVA NORTE;11626;20058;21367;21450;34071;23057;23737;28840;21064;22180;25273;25733;17874;19681;15829;10756;13912;10398;11777;11652;13883;14218;15507;15839;16520;15886;15707;16871;19173;22633;22472;22841;23608;24322;24274;24797;24665;23831;22610;21316;18769;18116;17299;15595;14534;14048;14520;14562;14671;14612;15213;15636
87;CORTADOS;DON PEDRO;6811;8355;9951;10843;14126;11578;5729;8043;8661;9534;10458;14301;7901;10756;10249;8920;9024;4715;6514;5939;6120;6368;6535;6754;7213;7818;7878;8159;8727;10169;9358;9302;10410;11520;12495;12519;12101;11797;10967;10248;9550;10076;9999;9577;9360;8764;8894;7823;8393;8488;8138;7899
88;CORTADOS;LA VELA;4024;4109;8989;5837;9426;7596;7504;8578;3402;7426;8339;8441;7083;8119;5550;6351;3971;4733;5059;3995;4451;4526;5351;5654;5852;6670;7044;6630;6628;9050;6516;6278;5884;9280;5691;7824;7587;6544;6204;5638;5704;5920;5514;5668;5375;5004;4831;4842;4219;4483;4095;3902
89;CORTADOS;ESPERANZA;4462;5694;5810;7314;7939;8316;6525;6015;5071;7126;8712;9705;7434;8528;8766;5643;3620;2957;4253;3704;3933;4208;4416;4651;4605;4737;4602;4561;4810;5197;5603;5979;6570;6516;6454;6577;6749;6689;6519;6114;5779;5062;5495;5285;4691;4707;4879;4846;5017;4827;4810;4674
90;CORTADOS;LINA MARGARITA;1971;4238;2187;4265;2266;4231;4254;2538;4430;2355;4575;2844;5259;2834;5309;2749;2844;2615;2627;2892;2620;2735;2564;2479;2451;2503;4647;3132;3427;3467;3590;3590;3492;3600;5189;4258;3672;3764;3690;3518;2133;2966;2656;3492;3243;2912;2409;2658;2495;2401;2340;2404
91;CORTADOS;DON MARCE;0;0;0;0;0;0;0;0;0;422;664;1148;1821;2701;3620;4407;4995;5343;5426;5369;5296;5269;5217;5143;5152;5347;5607;5764;5766;5681;5532;5373;5244;5240;5563;6233;7156;8123;8982;9603;10114;10769;11738;12998;14310;15450;16453;17424;18367;19073;19359;19111
92;EMBOLSADOS;ENANO;10781;9511;8828;9185;8224;8314;8754;8545;9082;7738;8735;10251;10018;9066;9957;10032;9258;9721;10246;9620;10223;10163;9487;9781;8787;8920;9269;8847;8236;8235;8592;9164;9594;10275;9996;10562;10251;10451;10651;11251;11251;10195;10365;10876;10536;10195;9173;10195;9514;9854;10365;10195
93;EMBOLSADOS;EVA;8485;7314;7912;7609;7023;6513;6802;6267;6423;5808;6314;7032;6083;5465;6664;6288;6056;6347;6840;6410;7465;7789;6831;7728;6715;7907;8384;8267;7596;8194;7901;8005;7795;7584;7549;7282;7082;7182;6582;6382;6492;6255;6379;6749;6502;6872;6502;7243;6749;6996;7366;6502
94;EMBOLSADOS;SAMI;11197;9728;9435;9024;8644;8058;8087;7938;8105;7600;8189;8303;7446;6344;8220;9601;10493;10580;10743;10687;10942;10746;10554;10156;10861;10165;10468;10272;10075;10005;9717;9215;8940;8755;8712;8514;8718;8816;8709;8654;8607;8610;8858;8817;9120;9133;9268;9544;10032;9918;10194;10681
95;EMBOLSADOS;VEGA;4752;4149;4095;4050;3625;3340;3245;3184;3352;3112;3036;3237;3334;2989;3096;3192;3020;3136;3205;3245;3305;3545;3449;3575;3912;4244;4032;4193;4288;4281;4421;4353;4421;4272;3977;3716;3382;3372;3232;3182;3132;3032;3032;3105;3193;3309;3414;3404;3482;3526;3571;3615
96;EMBOLSADOS;FEDERICA;7460;6475;5920;6406;7141;7538;8383;9133;8597;8054;9297;9771;9254;8554;9353;10055;9665;10176;9829;10421;10713;11021;10945;11021;10733;11306;11501;11117;11693;11309;11501;12033;12173;11315;11018;11012;10921;10520;10914;10027;9830;9830;9830;9756;10323;9929;10086;10643;10914;10086;10643;10914
97;EMBOLSADOS;NEERLANDIA;6964;7416;6860;7333;7402;7039;7569;7054;6679;5425;5661;5813;5740;5029;5889;5819;5685;5598;5729;5837;6376;6184;6862;7070;6909;6986;7347;7064;7686;7678;7870;7962;7831;7923;7445;7837;7576;7768;7829;7960;7511;7379;6905;6974;6662;6259;5857;5647;5675;5445;5546;5673
98;EMBOLSADOS;SAN ANTONIO;10089;9678;8549;8402;8021;7690;8270;7211;6774;5914;6742;7335;6850;5956;6844;7471;6905;7086;7229;7572;7086;7586;8086;7869;8298;8586;8441;8164;8586;8872;9015;8941;9084;8584;8443;8300;8300;7871;7441;7584;7169;7168;7254;7439;6659;6999;7416;7187;7217;6965;7076;7215
99;EMBOLSADOS;MRS;4325;3515;2623;2789;2704;2471;2789;2313;2356;2265;2254;2746;2680;2527;2668;2917;3129;2961;3162;3044;3141;3081;3178;3283;3045;3377;3331;3372;3346;3307;3375;3385;3291;3425;3397;3276;3194;3161;3092;2903;2836;2930;2812;2821;2706;2936;2776;2932;3119;3077;2959;3120
100;EMBOLSADOS;DON FUAD;11608;12416;12290;12250;11616;10818;11220;9950;8720;8342;8975;8915;9317;7555;9283;9050;8905;9105;9380;9757;10321;10748;11155;11495;12393;13004;13399;13438;13604;13386;13560;13361;13532;12732;12204;11440;10972;10650;10947;10035;10066;9881;9490;9322;8738;9175;9073;9236;10400;11111;11095;10328
101;EMBOLSADOS;EUFEMIA;14651;15508;13979;14691;14249;13469;13957;13327;13150;12081;14337;18156;16058;14307;15959;16252;15271;14874;14883;14426;13881;14602;14835;15670;15883;15772;15617;16336;16736;15773;16167;16461;16452;16494;16149;16034;16282;16451;16678;16171;16520;16341;16374;15171;14780;14035;13345;13779;13346;14205;14470;14896
102;EMBOLSADOS;OLGA;3475;3134;2819;3111;2976;2838;2993;2933;2517;2394;2596;2909;3021;2744;2963;3022;2969;2942;2935;3029;3074;2923;3098;3147;3116;3016;3120;3268;3319;3468;3668;3723;3774;3577;3432;3387;3235;3035;2939;2890;2745;2897;2690;2742;2839;2887;2887;2935;2935;2984;3129;3226
103;EMBOLSADOS;DON SAID;36101;34110;34837;35981;33448;32546;33118;31050;28212;24288;24276;25482;24277;21202;25414;26116;25889;25400;26220;24766;27106;29272;28472;30098;30932;33692;34586;35236;35624;36510;37132;37184;36624;36363;35678;33555;31254;29176;27094;26847;25899;26533;26653;27785;28080;28997;28927;29297;31180;30286;29783;31553
104;EMBOLSADOS;ASUNTINA;17967;17774;14686;15381;13809;12630;12708;11829;11497;10561;10795;11556;11132;10823;11466;8552;9908;10553;11128;12140;11887;12899;13748;14593;15021;15951;17319;18085;18245;18194;18231;18123;18098;17629;17357;16212;14719;13892;13735;13080;12721;12389;12594;12742;12324;11856;12178;13153;13916;14075;14711;15187
105;EMBOLSADOS;PORLAMAR;33124;29435;27753;29687;27097;24814;25070;24344;25011;22863;22111;24441;24055;19745;26236;23358;23672;24292;25898;28131;29592;30661;33587;35277;38837;39579;39544;39070;39568;39120;38915;35581;34368;34802;32201;28593;27152;25967;25087;24212;23225;23448;24519;26971;28955;28611;30425;29641;30253;31442;32022;31999
106;EMBOLSADOS;EL MORRO;3950;3297;3301;3413;3637;2481;2117;1662;2450;2767;2809;3126;3083;3254;3277;3340;3611;3685;3355;3647;3019;3680;2859;3086;2878;2281;2207;2258;2454;2555;2680;2720;2650;2820;2920;2945;2963;2839;3045;3230;3368;3358;3176;3496;3308;3024;3026;3012;2973;2716;2464;2731
107;EMBOLSADOS;LA PERLA;4005;4229;3522;3605;3066;3122;2295;3275;2026;2192;2248;2445;2473;2473;2741;2923;3091;3148;3204;3204;3316;3260;3316;3485;3429;3485;3485;3541;3766;3541;3766;3485;3373;3260;3373;3148;3373;3204;3035;2867;2923;2810;2698;2473;2586;2529;2586;2586;2642;2810;2923;2867
108;EMBOLSADOS;ARACATACA;14032;13588;12103;12788;12545;11775;12752;11901;11606;11592;12141;14225;14568;12408;16432;16054;14961;15308;15339;14707;15459;15339;16707;16959;17959;18189;18300;18502;18035;18409;18029;18488;18207;18207;17646;17022;16431;15869;15588;15307;14413;14539;14121;13797;13510;14048;14132;14340;14326;14289;14151;15561
109;EMBOLSADOS;BOCATOMA;8205;9222;10077;9812;6647;7286;8115;8663;12332;11872;11962;9008;6777;4955;5280;4052;2751;3330;4129;4528;5594;5931;6393;6127;6660;7192;6926;7592;8104;8657;9057;9856;10655;10522;10655;10122;9590;8657;8791;8125;8652;8125;7192;7592;6926;6260;5860;5461;5727;6260;5994;6283
110;EMBOLSADOS;JOYA;9474;9398;9728;10029;10066;9537;11179;11349;11421;10455;11570;12077;11530;12059;12276;12124;12801;12991;13203;13647;13792;13921;14076;14620;14250;14735;14921;14820;14740;14118;14072;13762;13106;12397;12367;12352;11778;10928;10858;10446;10101;9487;10061;10364;10823;10696;11396;11695;11681;12254;12213;11868
111;EMBOLSADOS;ESMERALDA;0;0;0;0;0;0;0;0;0;0;0;0;0;0;0;0;0;0;0;0;0;0;0;0;0;0;0;0;0;0;0;0;0;0;0;0;0;0;0;0;0;0;0;0;0;0;0;0;0;0;0;0
112;EMBOLSADOS;NARANJOS;4144;4423;4439;5224;5605;4949;5749;4838;4685;4375;4440;4846;4212;3949;4127;4045;3840;4002;4253;3923;3911;4186;3911;4046;4291;4253;4788;5327;5786;6118;6505;6391;6497;6388;6115;5920;5770;5694;5578;5285;5042;4764;4823;4529;4379;4205;4149;4047;4101;4041;3950;4048
113;EMBOLSADOS;YUNQUE;3989;4178;4371;4689;4232;4677;4280;3600;3344;3025;2987;3199;3189;2795;3310;3759;3163;3468;3271;3393;3733;3987;3850;3909;3910;4029;4426;4315;4410;4438;4501;4203;4302;4000;4000;3900;4000;3800;3400;3350;3300;3477;3357;3347;3341;3163;3114;3145;3136;3183;3250;3460
114;EMBOLSADOS;DONAMA;6466;5377;4271;3672;3469;3507;4130;3564;3654;3466;3609;4064;4338;3611;4226;4534;4111;4505;4230;4167;0;0;0;0;0;0;0;0;0;0;0;0;0;0;0;0;0;0;0;0;0;0;0;0;0;0;0;0;0;0;0;0
115;EMBOLSADOS;BURDEOS;0;0;0;0;0;0;0;0;0;0;0;0;0;0;0;0;0;0;0;0;0;0;0;0;0;0;0;0;0;0;0;0;0;0;0;0;0;0;0;0;0;0;0;0;0;0;0;0;0;0;0;0
116;EMBOLSADOS;DON MARCE SUR 2;4549;3995;4216;4429;4113;3520;3660;3449;2958;2794;2868;3174;3004;2981;2995;3137;2885;2970;3053;3006;2894;3140;3386;3537;3651;3993;3905;4046;4000;3934;4067;4331;4371;4331;4106;4146;4050;4208;4154;3973;3811;3984;3838;3770;3369;3578;3486;3610;3962;4242;4102;4293
117;EMBOLSADOS;LAS MARGARITAS;7061;6701;6417;6680;6519;6126;5994;6177;5734;5263;5597;5726;5246;4464;4921;4926;4470;4837;4640;4833;5036;5335;5692;6012;6393;6476;6746;6904;7345;7318;7066;7168;6876;6516;6099;5652;5335;4931;4815;4937;4879;4810;4864;4766;4767;4618;4973;4854;5036;5062;5257;5474
118;EMBOLSADOS;LA CECILIA;3418;3633;3207;2956;2377;1996;2184;2141;2281;2206;2137;2588;2619;2548;2895;2617;2736;2794;3086;3319;3669;3610;3949;4193;4427;4368;4449;4252;4435;4011;3679;3873;3669;3757;3436;2969;2794;2678;2444;2328;2386;2557;2444;2736;2969;3202;3377;3319;3436;3261;3377;3494
119;EMBOLSADOS;JOSEFINA;5202;5211;4626;4723;4869;4402;4594;3898;3898;3804;4073;4636;4185;3731;4587;4032;3556;4029;3963;4041;4197;4392;4513;4750;4805;4986;5125;5211;5238;5313;5178;5103;4966;4705;4691;4353;4434;4326;4090;4107;3944;3894;4139;4273;4373;4298;4420;4275;4476;4431;4509;4654
120;EMBOLSADOS;SAN ALFREDO;3354;3320;3232;3566;3411;3003;3357;2983;2616;2394;2091;2277;2146;1792;2178;2210;2025;2089;2055;2081;2158;2227;2250;2268;2227;2342;2268;2346;2532;2635;2757;2861;2771;2630;2508;2546;2313;2262;2287;2093;2180;2239;2095;2167;2219;2292;2365;2319;2497;2365;2319;2497
121;EMBOLSADOS;VICTORIA;11669;11509;11522;10821;10578;10205;10765;9791;9454;8700;8757;9311;8755;8026;9624;9629;9625;9563;9628;9610;9974;10538;10902;10902;11448;11594;11359;11523;11359;11823;11541;11405;11177;10448;10266;9720;9628;9399;9163;8635;8899;8717;8899;9081;9263;9628;10174;10174;10117;10413;10537;10174
122;EMBOLSADOS;CIRCASIA;8989;8723;7519;7993;6234;4792;4446;4499;4020;3704;3557;4258;4327;3928;5055;5010;5851;6039;6970;7227;7684;7747;7814;7942;8079;7813;7907;7903;7769;7364;7201;6991;6707;6447;6203;5860;5377;5147;4717;4583;4443;4468;4711;4815;4825;5232;5622;5980;6091;6371;6091;6371
123;EMBOLSADOS;CIÉNAGA;3164;2876;2901;2912;3182;2764;2938;2922;2693;2258;2660;2735;2742;2528;2882;2881;2855;2722;2769;2769;2912;2864;2912;3054;3006;3054;3054;3101;3196;3006;3149;2912;2817;2722;2817;2627;2912;2769;2627;2484;2532;2532;2484;2389;2484;2437;2484;2484;2532;2674;2769;2722
124;EMBOLSADOS;MARÍA;1318;1327;991;1195;1108;1415;2098;2530;3319;2853;2775;2899;3403;2650;2908;2169;1789;2417;2497;2319;2104;2223;2114;2057;2130;2051;2229;2113;2195;2208;2356;2536;2704;2888;2788;2828;2944;2808;2828;3027;3057;3028;3129;3241;3255;3249;3163;3021;2950;2891;2883;2765
125;EMBOLSADOS;REMANSO;18317;19258;18824;19702;19521;19211;20599;17874;17221;16207;15962;16500;16186;14176;16562;15934;14660;15284;15485;16178;16840;18182;18687;19076;19956;20723;21115;21824;21223;21803;22304;21765;21443;21412;19829;19923;18532;18413;17154;17014;16430;16883;15799;15613;16665;17429;17529;18188;17414;17707;18908;18789
126;EMBOLSADOS;PIEDECUESTA;14085;11075;9067;8195;6653;5584;4957;4164;3973;3399;3309;3982;3858;4125;4233;4493;4622;4838;5249;5092;5965;6196;6038;6825;7221;7568;8550;9046;10584;11334;12065;12029;12320;11827;11354;10330;9397;9749;8621;8770;8482;7948;7567;7523;7070;6792;6038;6641;6339;7547;7698;8151
127;EMBOLSADOS;NÁUTICA;22090;21304;17184;16250;13996;11628;12690;13315;12867;12059;13181;13746;12881;13196;16780;14367;11950;12919;12496;13313;13226;13658;14522;15116;16358;17488;17702;17789;18416;18333;18153;17937;17490;15562;15757;15415;13868;13476;12859;12830;12915;12017;13114;12616;13349;14066;14547;15693;16535;16690;16919;17698
128;EMBOLSADOS;LAS LINAS;15260;15665;15807;16100;14347;13398;12231;12105;12492;12300;12049;12477;12705;12235;13525;13777;12557;9180;9401;9872;9898;10021;10184;9685;9898;11001;11164;11645;12496;12501;12381;12649;12325;11502;11136;11299;10440;10191;9789;9614;9854;9603;9375;9353;9603;9353;10082;10834;11836;11335;11836;11585
129;EMBOLSADOS;DON ALÍ;9784;10431;9388;9478;8066;6409;5208;7371;6507;6568;6566;7853;8284;6895;7524;7381;6353;6780;6933;6669;6839;7026;7298;7433;8080;8181;9630;9218;9394;9122;8632;8618;8886;7912;7807;7808;7415;7328;6782;6963;6802;6957;7784;7808;8517;8866;9002;8812;8841;8875;9211;9441
130;EMBOLSADOS;DR4 DON ALÍ;1222;1302;1290;1147;1148;1136;1147;624;560;507;393;328;294;267;202;176;158;170;204;256;273;460;562;801;903;1176;1176;1244;1413;1338;1249;1132;1039;995;970;953;826;738;686;613;578;564;575;614;653;710;785;863;943;1041;1141;1201
131;EMBOLSADOS;DON CARLOS;1593;2082;2054;2660;2157;2558;2019;2830;2075;2593;2772;3085;3048;3337;2642;3333;2189;3780;3780;3779;3722;3690;3717;3525;3507;3144;2661;2508;2386;2414;2356;2337;2380;2406;2509;2551;2697;3030;3182;3272;3193;3339;3434;3400;3283;3437;3462;3632;3730;3608;3687;3539
132;EMBOLSADOS;EVA NORTE;28023;25508;21066;17929;13861;11102;8962;12044;10621;11294;12951;14774;16028;15170;18381;16786;15873;17630;20508;20913;23152;23647;24528;25847;26261;25814;26413;24674;24050;22943;20274;19249;18383;16372;15247;15237;15315;15410;15396;15678;15936;16204;17189;18659;17987;19484;19607;20116;21658;22447;23018;22986
133;EMBOLSADOS;DON PEDRO;11136;10824;11156;9919;8124;7291;5149;7826;6070;6121;6292;6721;6800;6645;7925;8040;7485;8831;9047;9140;9894;10693;11198;11411;11900;12457;12249;12354;11812;11542;11221;10900;10478;10277;9604;9392;9002;8564;8916;8495;8395;7710;7901;8256;8275;8709;9463;9589;9764;9663;9959;10227
134;EMBOLSADOS;LA VELA;8596;8529;8371;6805;5932;5157;3971;5086;4389;4332;4645;5447;5774;5801;6780;7375;6833;6809;6945;6877;7217;6809;6957;7563;7727;7659;7301;6945;6586;6341;5924;5711;5610;5409;5363;4953;5066;4862;4748;4291;3949;4198;4471;4679;4616;4805;4933;4978;4840;5245;5642;5911
135;EMBOLSADOS;ESPERANZA;9417;8968;7900;7558;5935;5056;3606;4649;3719;3897;4273;4335;4928;4610;4990;4867;4621;4768;5147;5572;5999;6375;6616;6859;6997;7193;7080;6924;6588;6085;5892;5748;5613;5273;4848;4933;5284;5292;4980;5052;4829;4836;5456;5447;5449;5937;6074;6420;6503;6489;6625;6835
136;EMBOLSADOS;LINA MARGARITA;3730;4013;3844;3669;3840;3566;3237;2866;2721;2660;2607;2621;2695;2909;2868;3080;2850;3482;3566;3579;3783;3647;3568;3808;3855;3784;3713;3851;4007;3593;3428;3597;3698;3454;3177;2740;2799;2603;2501;2416;2404;2650;2679;2860;2940;3181;3320;3725;3977;4454;4596;4646
137;EMBOLSADOS;DON MARCE;476;934;1576;2431;3610;4463;5156;5650;5805;5659;5589;5528;5562;5424;5330;5458;5881;6094;6131;6012;5917;5675;5547;5431;5490;6264;7131;8300;9255;10053;10439;10966;11888;13157;14736;16008;16987;18028;19050;20064;20504;20468;19769;18601;16817;14229;12160;10430;9077;8126;7590;7035
138;HA EN PRODUCCIÓN;ENANO;170;170;170;170;170;170;170;170;170;170;170;170;170;170;170;170;170;170;170;170;170;170;170;170;170;170;170;170;170;170;170;170;170;170;170;170;170;170;170;170;170;170;170;170;170;170;170;170;170;170;170;170
139;HA EN PRODUCCIÓN;EVA;123;123;123;123;123;123;123;123;123;123;123;123;123;123;123;123;123;123;123;123;123;123;123;123;123;123;123;123;123;123;123;123;123;123;123;123;123;123;123;123;123;123;123;123;123;123;123;123;123;123;123;123
140;HA EN PRODUCCIÓN;SAMI;151;151;151;151;151;151;151;151;153;153;153;153;153;153;153;153;153;153;153;153;153;153;158;163;163;163;163;163;163;165;166;168;169;171;172;174;175;175;175;175;175;175;175;175;175;175;175;175;175;175;175;175
141;HA EN PRODUCCIÓN;VEGA;68;68;68;68;68;68;68;68;68;68;68;68;68;68;68;68;68;68;68;68;68;68;68;68;68;68;68;68;68;68;68;68;68;68;68;68;68;68;68;68;68;68;68;68;68;68;68;68;68;68;68;68
142;HA EN PRODUCCIÓN;FEDERICA;165;165;165;165;165;165;160;160;160;192;192;192;192;192;192;192;192;192;192;192;192;192;192;192;192;192;192;192;192;192;192;192;192;192;192;192;192;192;192;192;192;192;192;197;197;197;197;197;197;197;197;197
143;HA EN PRODUCCIÓN;NEERLANDIA;131;131;131;131;131;131;131;131;131;131;131;131;131;131;131;131;131;131;131;131;131;131;131;131;131;131;131;131;131;131;131;131;131;131;131;131;131;131;131;131;131;131;131;131;131;131;131;131;131;131;131;131
144;HA EN PRODUCCIÓN;SAN ANTONIO;143;143;143;143;143;143;143;143;143;143;143;143;143;143;143;143;143;143;143;143;143;143;143;143;143;143;143;143;143;143;143;143;143;143;143;143;143;143;143;143;143;143;143;143;143;143;143;143;143;143;143;143
145;HA EN PRODUCCIÓN;MRS;82;82;82;82;82;82;82;82;69;56;56;56;56;56;56;56;56;56;56;56;56;56;56;56;56;56;56;56;56;56;56;56;56;56;56;56;56;56;56;56;56;56;56;56;56;56;56;56;56;56;56;56
146;HA EN PRODUCCIÓN;DON FUAD;176;176;176;176;176;176;176;176;176;176;176;176;176;176;176;176;176;176;176;176;176;176;176;176;176;176;176;176;176;176;176;176;176;176;176;176;176;176;176;176;176;176;176;176;176;176;176;176;176;176;176;176
147;HA EN PRODUCCIÓN;EUFEMIA;263;263;263;263;263;263;263;263;263;263;263;263;263;263;263;263;263;263;263;265;259;266;266;266;266;266;266;266;266;266;266;266;266;266;266;266;266;266;266;266;266;266;266;266;266;266;266;266;266;266;266;266
148;HA EN PRODUCCIÓN;OLGA;48;48;48;48;48;48;48;48;48;48;48;48;48;48;48;48;48;48;48;48;48;48;48;48;48;48;48;48;48;48;48;48;48;48;48;48;48;48;48;48;48;48;48;48;48;48;48;48;48;48;48;48
149;HA EN PRODUCCIÓN;DON SAID;460;470;478;482;486;494;501;505;505;512;512;512;512;512;512;512;512;512;512;512;512;512;519;527;535;544;554;559;559;559;559;559;559;559;559;559;559;559;559;559;559;559;559;559;559;559;559;559;559;559;559;559
150;HA EN PRODUCCIÓN;ASUNTINA;253;253;253;253;253;253;253;253;253;253;253;253;253;253;253;253;253;253;253;253;253;253;253;253;253;253;253;253;253;253;253;253;253;253;253;253;253;253;253;253;253;253;253;253;253;253;253;253;253;253;253;253
151;HA EN PRODUCCIÓN;PORLAMAR;451;452;457;458;464;468;468;468;468;468;476;476;480;485;487;487;494;497;497;497;497;497;497;497;497;497;497;497;497;497;497;497;497;497;497;497;497;497;497;497;497;497;497;497;497;497;497;497;497;497;497;497
152;HA EN PRODUCCIÓN;EL MORRO;49;49;49;49;49;49;49;49;49;49;49;49;49;49;49;49;49;49;49;49;49;49;49;49;49;49;49;49;49;49;49;49;49;49;49;49;49;49;49;49;49;49;49;49;49;49;49;49;49;49;49;49
153;HA EN PRODUCCIÓN;LA PERLA;56;56;56;56;56;56;56;56;56;56;56;56;56;56;56;56;56;56;56;56;56;56;56;56;56;56;56;56;56;56;56;56;56;56;56;56;56;56;56;56;56;56;56;56;56;56;56;56;56;56;56;56
154;HA EN PRODUCCIÓN;ARACATACA;281;281;281;281;281;281;281;281;281;281;281;281;281;281;281;281;281;281;281;281;281;281;281;281;281;281;281;281;281;281;281;281;281;281;281;281;281;281;281;281;281;281;281;281;281;281;281;281;281;281;281;281
155;HA EN PRODUCCIÓN;BOCATOMA;0;16;16;21;28;37;43;70;73;93;100;100;117;133;133;133;133;133;133;133;133;133;133;133;133;133;133;133;133;133;133;133;133;133;133;133;133;133;133;133;133;133;133;133;133;133;133;133;133;133;133;133
156;HA EN PRODUCCIÓN;JOYA;230;230;230;230;230;230;230;230;230;230;230;230;230;230;230;230;230;230;230;230;230;230;230;230;230;230;230;230;230;230;230;230;230;230;230;230;230;230;230;230;230;230;230;230;230;230;230;230;230;230;230;230
157;HA EN PRODUCCIÓN;ESMERALDA;0;0;0;0;0;0;0;0;0;0;0;0;0;0;0;0;0;0;0;0;0;0;0;0;0;0;0;0;0;0;0;0;0;0;0;0;0;0;0;0;0;0;0;0;0;0;0;0;0;0;0;0
158;HA EN PRODUCCIÓN;NARANJOS;100;100;100;100;100;100;100;100;100;100;100;100;100;100;100;100;100;100;100;100;100;100;100;100;100;100;100;100;100;100;100;100;100;100;100;100;100;100;100;100;100;100;100;100;100;100;100;100;100;100;100;100
159;HA EN PRODUCCIÓN;YUNQUE;63;63;63;63;63;63;63;63;63;63;63;63;63;63;63;63;63;63;63;63;63;63;63;63;63;63;63;63;63;63;63;63;63;63;63;63;63;63;63;63;63;63;63;63;63;63;63;63;63;63;63;63
160;HA EN PRODUCCIÓN;DONAMA;137;137;137;137;137;137;137;137;137;137;137;137;137;137;137;137;137;137;137;137;137;137;137;137;137;137;137;137;137;137;137;137;137;137;137;137;137;137;137;137;137;137;137;137;137;137;137;137;137;137;137;137
161;HA EN PRODUCCIÓN;BURDEOS;0;0;0;0;0;0;0;0;0;0;0;0;0;0;0;0;0;0;0;0;0;0;0;0;0;0;0;0;0;0;0;0;0;0;0;0;0;0;0;0;0;0;0;0;0;0;0;0;0;0;0;0
162;HA EN PRODUCCIÓN;DON MARCE SUR 2;66;66;66;66;66;66;66;66;66;66;66;66;66;66;66;66;66;66;66;66;66;66;66;66;66;66;66;66;66;66;66;66;66;66;66;66;66;66;66;66;66;66;66;66;66;66;66;66;66;66;66;66
163;HA EN PRODUCCIÓN;LAS MARGARITAS;102;102;102;102;102;102;102;102;102;107;107;112;112;112;112;112;112;112;112;112;112;112;112;112;112;112;112;112;112;112;112;112;112;112;112;112;112;112;112;112;112;112;112;112;112;112;112;112;112;112;112;112
164;HA EN PRODUCCIÓN;LA CECILIA;58;58;58;58;58;58;58;58;58;58;58;58;58;58;58;58;58;58;58;58;58;58;58;58;58;58;58;58;58;58;58;58;58;58;58;58;58;58;58;58;58;58;58;58;58;58;58;58;58;58;58;58
165;HA EN PRODUCCIÓN;JOSEFINA;78;78;78;78;78;78;78;78;78;78;78;78;78;78;78;78;78;78;78;78;78;78;78;78;78;78;78;78;78;78;78;78;78;78;78;78;78;78;78;78;78;78;78;78;78;78;78;78;78;78;78;78
166;HA EN PRODUCCIÓN;SAN ALFREDO;45;45;45;46;46;46;46;46;46;46;46;46;46;46;46;46;46;46;46;46;46;46;46;46;46;46;46;46;46;46;46;46;46;46;46;46;46;46;46;46;46;46;46;46;46;46;46;46;46;46;46;46
167;HA EN PRODUCCIÓN;VICTORIA;182;182;182;182;182;182;182;182;182;182;182;182;182;182;182;182;182;182;182;182;182;182;182;182;182;182;182;182;182;182;182;182;182;182;182;182;182;182;182;182;182;182;182;182;182;182;182;182;182;182;182;182
168;HA EN PRODUCCIÓN;CIRCASIA;69;71;74;81;83;89;94;97;100;105;105;105;105;105;105;105;105;105;105;105;105;105;105;105;105;105;105;109;112;112;112;112;112;112;112;112;112;112;112;112;112;112;112;112;112;112;112;112;112;112;112;112
169;HA EN PRODUCCIÓN;CIÉNAGA;47;47;47;47;47;47;47;47;47;47;47;47;47;47;47;47;47;47;47;47;47;47;47;47;47;47;47;47;47;47;47;47;47;47;47;47;47;47;47;47;47;47;47;47;47;47;47;47;47;47;47;47
170;HA EN PRODUCCIÓN;MARÍA;27;28;28;28;28;28;28;28;28;28;28;30;35;37;40;40;43;43;43;43;43;43;43;43;43;43;43;43;43;43;43;43;43;43;43;43;43;43;43;43;43;43;43;43;43;43;43;43;43;43;43;43
171;HA EN PRODUCCIÓN;REMANSO;351;351;351;351;351;351;351;351;351;351;351;351;351;351;351;351;351;351;351;351;351;351;351;351;351;351;351;351;351;351;351;351;351;351;351;351;351;351;351;351;351;351;351;351;351;351;351;351;351;351;351;351
172;HA EN PRODUCCIÓN;PIEDECUESTA;99;109;118;127;132;141;148;148;149;149;150;150;150;151;151;151;151;151;151;151;151;151;151;151;151;151;151;151;151;151;151;151;151;151;151;151;151;151;151;151;151;151;151;151;151;151;151;151;151;151;151;151
173;HA EN PRODUCCIÓN;NÁUTICA;394;394;394;394;394;394;394;394;394;394;394;394;394;394;394;394;394;394;394;394;394;394;394;394;394;303;303;303;303;303;303;303;303;303;303;303;303;303;303;303;303;303;303;303;303;303;303;303;303;303;303;303
174;HA EN PRODUCCIÓN;LAS LINAS;254;254;254;254;254;254;254;254;254;254;254;254;254;254;254;254;254;254;260;266;271;250;250;250;250;250;250;250;250;250;250;250;250;250;250;250;250;250;250;250;250;250;250;250;250;250;250;250;250;250;250;250
175;HA EN PRODUCCIÓN;DON ALÍ;178;178;178;178;178;178;178;178;178;178;178;178;178;178;178;178;178;178;178;178;178;178;178;178;170;170;170;170;170;170;170;170;170;170;170;170;170;170;170;170;170;170;170;170;170;170;170;170;170;170;170;170
176;HA EN PRODUCCIÓN;DR4 DON ALÍ;6;8;11;11;12;15;16;17;17;17;17;17;17;17;17;17;17;17;17;17;17;17;17;17;17;17;17;17;17;17;17;17;17;17;17;17;17;17;17;17;17;17;17;17;17;17;17;17;17;17;17;17
177;HA EN PRODUCCIÓN;DON CARLOS;54;54;54;54;54;54;54;54;54;54;54;54;54;54;54;54;54;54;54;54;54;54;54;54;54;54;54;54;54;54;54;54;54;54;54;54;54;54;54;54;54;54;54;54;54;54;54;54;54;54;54;54
178;HA EN PRODUCCIÓN;EVA NORTE;414;414;414;414;414;414;414;405;405;397;397;397;397;397;397;397;403;403;403;403;403;403;403;403;403;403;403;403;403;403;403;403;403;403;403;403;403;403;403;403;403;403;403;403;403;403;411;411;411;411;411;411
179;HA EN PRODUCCIÓN;DON PEDRO;191;196;196;196;196;196;196;196;196;196;196;196;196;196;196;196;200;203;203;203;203;203;203;203;203;203;203;203;203;203;203;203;203;203;203;203;203;203;203;203;203;203;203;203;203;203;203;203;203;203;203;203
180;HA EN PRODUCCIÓN;LA VELA;140;140;140;140;140;140;140;140;140;140;140;140;140;140;140;140;140;140;140;140;140;140;140;140;136;136;136;136;136;136;136;136;136;136;136;136;136;136;136;136;136;136;136;136;136;136;136;136;136;136;136;136
181;HA EN PRODUCCIÓN;ESPERANZA;127;127;127;127;127;127;127;127;127;127;127;127;127;127;127;127;127;127;127;127;127;127;127;127;112;112;112;112;112;112;117;122;122;122;122;122;122;122;122;122;122;122;122;122;122;122;122;122;122;122;122;122
182;HA EN PRODUCCIÓN;LINA MARGARITA;80;80;80;80;80;80;80;80;80;80;80;80;80;80;80;80;82;82;82;82;82;82;82;82;82;82;82;82;82;82;82;82;82;82;82;82;82;82;82;82;82;82;82;82;82;82;82;82;82;82;82;82
183;HA EN PRODUCCIÓN;DON MARCE;0;0;0;0;0;0;0;0;0;7;12;19;25;31;34;38;42;47;50;52;52;58;64;70;75;79;82;87;90;92;96;100;103;108;112;116;118;121;124;131;139;146;154;161;169;176;184;191;199;206;206;206
184;HA EN PREOPERATIVO;ENANO;0;0;0;0;0;0;0;0;0;0;0;0;0;0;0;0;0;0;0;0;0;0;0;0;0;0;0;0;0;0;0;0;0;0;0;0;0;0;0;0;0;0;0;0;0;0;0;0;0;0;0;0
185;HA EN PREOPERATIVO;EVA;0;0;0;0;0;0;0;0;0;0;0;0;0;0;0;0;0;0;0;0;0;0;0;0;0;0;0;0;0;0;0;0;0;0;0;0;0;0;0;0;0;0;0;0;0;0;0;0;0;0;0;0
186;HA EN PREOPERATIVO;SAMI;14;15;17;18;20;21;23;24;22;22;22;22;22;22;22;22;22;22;22;22;22;22;17;12;12;12;12;12;12;11;9;8;6;5;3;2;0;0;0;0;0;0;0;0;0;0;0;0;0;0;0;0
187;HA EN PREOPERATIVO;VEGA;0;0;0;0;0;0;0;0;0;0;0;0;0;0;0;0;0;0;0;0;0;0;0;0;0;0;0;0;0;0;0;0;0;0;0;0;0;0;0;0;0;0;0;0;0;0;0;0;0;0;0;0
188;HA EN PREOPERATIVO;FEDERICA;32;32;32;32;32;32;32;32;32;0;0;0;0;5;5;5;5;5;5;5;5;5;5;5;5;5;5;5;5;5;5;5;5;5;5;5;5;5;5;5;5;5;5;0;0;0;0;0;0;0;0;0
189;HA EN PREOPERATIVO;NEERLANDIA;0;0;0;0;0;0;0;0;0;0;0;0;0;0;0;0;0;0;0;0;0;0;0;0;0;0;0;0;0;0;0;0;0;0;0;0;0;0;0;0;0;0;0;0;0;0;0;0;0;0;0;0
190;HA EN PREOPERATIVO;SAN ANTONIO;0;0;0;0;0;0;0;0;0;0;0;0;0;0;0;0;0;0;0;0;0;0;0;0;0;0;0;0;0;0;0;0;0;0;0;0;0;0;0;0;0;0;0;0;0;0;0;0;0;0;0;0
191;HA EN PREOPERATIVO;MRS;0;0;0;0;10;10;10;20;7;0;0;0;0;0;0;0;0;0;0;0;0;0;0;0;0;0;0;0;0;0;0;0;0;0;0;0;0;0;0;0;0;0;0;0;0;0;0;0;0;0;0;0
192;HA EN PREOPERATIVO;DON FUAD;0;0;0;0;0;0;0;0;0;0;0;0;0;0;0;0;0;0;0;0;0;0;0;0;0;0;0;0;0;0;0;0;0;0;0;0;0;0;0;0;0;0;0;0;0;0;0;0;0;0;0;0
193;HA EN PREOPERATIVO;EUFEMIA;15;15;15;15;15;15;15;15;15;15;15;15;15;15;15;15;15;15;15;13;6;0;0;0;0;0;0;0;0;0;0;0;0;0;0;0;0;0;0;0;0;0;0;0;0;0;0;0;0;0;0;0
194;HA EN PREOPERATIVO;OLGA;0;0;0;0;0;0;0;0;0;0;0;0;0;0;0;0;0;0;0;0;0;0;0;0;0;0;0;0;0;0;0;0;0;0;0;0;0;0;0;0;0;0;0;0;0;0;0;0;0;0;0;0
195;HA EN PREOPERATIVO;DON SAID;99;89;81;76;73;65;58;54;54;47;47;47;47;47;47;47;47;47;47;47;47;47;40;32;24;15;5;0;0;0;0;0;0;0;0;0;0;0;0;0;0;0;0;0;0;0;0;0;0;0;0;0
196;HA EN PREOPERATIVO;ASUNTINA;0;0;0;0;0;0;0;0;0;0;0;0;0;0;0;0;0;0;0;0;0;0;0;0;0;0;0;0;0;0;0;0;0;0;0;0;0;0;0;0;0;0;0;0;0;0;0;0;0;0;0;0
197;HA EN PREOPERATIVO;PORLAMAR;46;44;39;39;32;28;28;28;28;28;20;20;17;12;9;9;3;0;0;0;0;0;0;0;0;0;0;0;0;0;0;0;0;0;0;0;0;0;0;0;0;0;0;0;0;0;0;0;0;0;0;0
198;HA EN PREOPERATIVO;EL MORRO;0;0;0;0;0;0;0;0;0;0;0;0;0;0;0;0;0;0;0;0;0;0;0;0;0;0;0;0;0;0;0;0;0;0;0;0;0;0;0;0;0;0;0;0;0;0;0;0;0;0;0;0
199;HA EN PREOPERATIVO;LA PERLA;0;0;0;0;0;0;0;0;0;0;0;0;0;0;0;0;0;0;0;0;0;0;0;0;0;0;0;0;0;0;0;0;0;0;0;0;0;0;0;0;0;0;0;0;0;0;0;0;0;0;0;0
200;HA EN PREOPERATIVO;ARACATACA;0;0;0;0;0;0;0;0;0;0;0;0;0;0;0;0;0;0;0;0;0;0;0;0;0;0;0;0;0;0;0;0;0;0;0;0;0;0;0;0;0;0;0;0;0;0;0;0;0;0;0;0
201;HA EN PREOPERATIVO;BOCATOMA;133;118;118;112;105;96;90;64;60;41;33;33;16;0;0;0;0;0;0;0;0;0;0;0;0;0;0;0;0;0;0;0;0;0;0;0;0;0;0;0;0;0;0;0;0;0;0;0;0;0;0;0
202;HA EN PREOPERATIVO;JOYA;0;0;0;0;0;0;0;0;0;0;0;0;0;0;0;0;0;0;0;0;0;0;0;0;0;0;0;0;0;0;0;0;0;0;0;0;0;0;0;0;0;0;0;0;0;0;0;0;0;0;0;0
203;HA EN PREOPERATIVO;ESMERALDA;0;0;0;0;0;0;0;0;0;0;0;0;0;0;0;0;0;0;0;0;0;0;0;0;0;0;0;0;0;0;0;0;0;0;0;0;0;0;0;0;0;0;0;0;0;0;0;0;0;0;0;0
204;HA EN PREOPERATIVO;NARANJOS;0;0;0;0;0;0;0;0;0;0;0;0;0;0;0;0;0;0;0;0;0;0;0;0;0;0;0;0;0;0;0;0;0;0;0;0;0;0;0;0;0;0;0;0;0;0;0;0;0;0;0;0
205;HA EN PREOPERATIVO;YUNQUE;0;0;0;0;0;0;0;0;0;0;0;0;0;0;0;0;0;0;0;0;0;0;0;0;0;0;0;0;0;0;0;0;0;0;0;0;0;0;0;0;0;0;0;0;0;0;0;0;0;0;0;0
206;HA EN PREOPERATIVO;DONAMA;0;0;0;0;0;0;0;0;0;0;0;0;0;0;0;0;0;0;0;0;0;0;0;0;0;0;0;0;0;0;0;0;0;0;0;0;0;0;0;0;0;0;0;0;0;0;0;0;0;0;0;0
207;HA EN PREOPERATIVO;BURDEOS;0;0;0;0;0;0;0;0;0;0;0;0;0;0;0;0;0;0;0;0;0;0;0;0;0;0;0;0;0;0;0;0;0;0;0;0;0;0;0;0;0;0;0;0;0;0;0;0;0;0;0;0
208;HA EN PREOPERATIVO;DON MARCE SUR 2;0;0;0;0;0;0;0;0;0;0;0;0;0;0;0;0;0;0;0;0;0;0;0;0;0;0;0;0;0;0;0;0;0;0;0;0;0;0;0;0;0;0;0;0;0;0;0;0;0;0;0;0
209;HA EN PREOPERATIVO;LAS MARGARITAS;10;10;10;10;10;10;10;10;10;5;5;0;0;0;0;0;0;0;0;0;0;0;0;0;0;0;0;0;0;0;0;0;0;0;0;0;0;0;0;0;0;0;0;0;0;0;0;0;0;0;0;0
210;HA EN PREOPERATIVO;LA CECILIA;0;0;0;0;0;0;0;0;0;0;0;0;0;0;0;0;0;0;0;0;0;0;0;0;0;0;0;0;0;0;0;0;0;0;0;0;0;0;0;0;0;0;0;0;0;0;0;0;0;0;0;0
211;HA EN PREOPERATIVO;JOSEFINA;0;0;0;0;0;0;0;0;0;0;0;0;0;0;0;0;0;0;0;0;0;0;0;0;0;0;0;0;0;0;0;0;0;0;0;0;0;0;0;0;0;0;0;0;0;0;0;0;0;0;0;0
212;HA EN PREOPERATIVO;SAN ALFREDO;1;1;1;0;0;0;0;0;0;0;0;0;0;0;0;0;0;0;0;0;0;0;0;0;0;0;0;0;0;0;0;0;0;0;0;0;0;0;0;0;0;0;0;0;0;0;0;0;0;0;0;0
213;HA EN PREOPERATIVO;VICTORIA;0;0;0;0;0;0;0;0;0;0;0;0;0;0;0;0;0;0;0;0;0;0;0;0;0;0;0;0;0;0;0;0;0;0;0;0;0;0;0;0;0;0;0;0;0;0;0;0;0;0;0;0
214;HA EN PREOPERATIVO;CIRCASIA;43;41;38;32;30;23;18;15;12;7;7;7;7;7;7;7;7;7;7;7;7;7;7;7;7;7;7;3;0;0;0;0;0;0;0;0;0;0;0;0;0;0;0;0;0;0;0;0;0;0;0;0
215;HA EN PREOPERATIVO;CIÉNAGA;0;0;0;0;0;0;0;0;0;0;0;0;0;0;0;0;0;0;0;0;0;0;0;0;0;0;0;0;0;0;0;0;0;0;0;0;0;0;0;0;0;0;0;0;0;0;0;0;0;0;0;0
216;HA EN PREOPERATIVO;MARÍA;16;15;15;15;15;15;15;15;15;15;15;13;7;6;3;3;0;0;0;0;0;0;0;0;0;0;0;0;0;0;0;0;0;0;0;0;0;0;0;0;0;0;0;0;0;0;0;0;0;0;0;0
217;HA EN PREOPERATIVO;REMANSO;0;0;0;0;0;0;0;0;0;0;0;0;0;0;0;0;0;0;0;0;0;0;0;0;0;0;0;0;0;0;0;0;0;0;0;0;0;0;0;0;0;0;0;0;0;0;0;0;0;0;0;0
218;HA EN PREOPERATIVO;PIEDECUESTA;52;42;33;24;19;10;3;3;2;2;1;0;0;0;0;0;0;0;0;0;0;0;0;0;0;0;0;0;0;0;0;0;0;0;0;0;0;0;0;0;0;0;0;0;0;0;0;0;0;0;0;0
219;HA EN PREOPERATIVO;NÁUTICA;0;0;0;0;0;0;0;0;0;0;0;0;0;0;0;0;0;0;0;0;0;0;0;0;0;0;0;0;0;0;0;0;0;0;0;0;0;0;0;0;0;0;0;0;0;0;0;0;0;0;0;0
220;HA EN PREOPERATIVO;LAS LINAS;17;17;17;17;17;17;17;17;17;17;17;17;17;17;17;17;17;17;11;5;0;0;0;0;0;0;0;0;0;0;0;0;0;7;12;18;18;18;18;18;18;18;18;18;18;18;18;18;18;18;18;18
221;HA EN PREOPERATIVO;DON ALÍ;0;0;0;0;0;0;0;0;0;0;0;0;0;0;0;0;0;0;0;0;0;0;0;0;0;0;0;0;0;0;0;0;0;0;0;0;0;0;0;0;0;0;0;0;0;0;0;0;0;0;0;0
222;HA EN PREOPERATIVO;DR4 DON ALÍ;11;9;6;6;5;2;2;0;0;0;0;0;0;0;0;0;0;0;0;0;0;0;0;0;0;0;0;0;0;0;0;0;0;0;0;0;0;0;0;0;0;0;0;0;0;0;0;0;0;0;0;0
223;HA EN PREOPERATIVO;DON CARLOS;0;0;0;0;0;0;0;0;0;0;0;0;0;0;0;0;0;0;0;0;0;0;0;0;0;0;0;0;0;0;0;0;0;0;0;0;0;0;0;0;0;0;0;0;0;0;0;0;0;0;0;0
224;HA EN PREOPERATIVO;EVA NORTE;6;6;6;6;6;6;6;6;6;6;6;6;6;6;6;14;8;8;8;8;8;8;8;8;8;8;8;8;8;8;8;8;8;8;8;8;8;8;8;8;8;8;8;8;8;8;0;0;0;0;0;0
225;HA EN PREOPERATIVO;DON PEDRO;12;8;8;8;8;8;8;8;8;8;8;8;8;8;8;8;4;0;0;0;0;0;0;0;0;0;0;0;0;0;0;0;0;0;0;0;0;0;0;0;0;0;0;0;0;0;0;0;0;0;0;0
226;HA EN PREOPERATIVO;LA VELA;0;0;0;0;0;0;0;0;0;0;0;0;0;0;0;0;0;0;0;0;0;0;0;0;0;0;0;0;0;0;0;0;0;0;0;0;0;0;0;0;0;0;0;0;0;0;0;0;0;0;0;0
227;HA EN PREOPERATIVO;ESPERANZA;5;10;10;10;10;10;10;10;10;10;10;10;10;10;10;10;10;10;10;10;10;10;10;10;10;10;10;10;10;10;5;0;0;0;0;0;0;0;0;0;0;0;0;0;0;0;0;0;0;0;0;0
228;HA EN PREOPERATIVO;LINA MARGARITA;2;2;2;2;2;2;2;2;2;2;2;2;2;2;2;2;0;0;0;4;8;12;16;20;20;20;20;20;20;20;20;20;20;20;20;20;20;20;20;20;20;20;20;20;20;20;20;20;20;20;20;20
229;HA EN PREOPERATIVO;DON MARCE;118;121;124;131;139;146;154;161;169;170;172;172;173;175;172;167;164;159;155;154;154;148;142;136;131;127;123;119;115;114;110;106;103;98;94;90;88;85;82;75;67;60;52;45;37;30;22;15;7;0;0;0
230;HA CULTIVABLE;ENANO;170;170;170;170;170;170;170;170;170;170;170;170;170;170;170;170;170;170;170;170;170;170;170;170;170;170;170;170;170;170;170;170;170;170;170;170;170;170;170;170;170;170;170;170;170;170;170;170;170;170;170;170
231;HA CULTIVABLE;EVA;123;123;123;123;123;123;123;123;123;123;123;123;123;123;123;123;123;123;123;123;123;123;123;123;123;123;123;123;123;123;123;123;123;123;123;123;123;123;123;123;123;123;123;123;123;123;123;123;123;123;123;123
232;HA CULTIVABLE;SAMI;165;166;168;169;171;172;174;175;175;175;175;175;175;175;175;175;175;175;175;175;175;175;175;175;175;175;175;175;175;175;175;175;175;175;175;175;175;175;175;175;175;175;175;175;175;175;175;175;175;175;175;175
233;HA CULTIVABLE;VEGA;68;68;68;68;68;68;68;68;68;68;68;68;68;68;68;68;68;68;68;68;68;68;68;68;68;68;68;68;68;68;68;68;68;68;68;68;68;68;68;68;68;68;68;68;68;68;68;68;68;68;68;68
234;HA CULTIVABLE;FEDERICA;197;197;197;197;197;197;192;192;192;192;192;192;192;197;197;197;197;197;197;197;197;197;197;197;197;197;197;197;197;197;197;197;197;197;197;197;197;197;197;197;197;197;197;197;197;197;197;197;197;197;197;197
235;HA CULTIVABLE;NEERLANDIA;131;131;131;131;131;131;131;131;131;131;131;131;131;131;131;131;131;131;131;131;131;131;131;131;131;131;131;131;131;131;131;131;131;131;131;131;131;131;131;131;131;131;131;131;131;131;131;131;131;131;131;131
236;HA CULTIVABLE;SAN ANTONIO;143;143;143;143;143;143;143;143;143;143;143;143;143;143;143;143;143;143;143;143;143;143;143;143;143;143;143;143;143;143;143;143;143;143;143;143;143;143;143;143;143;143;143;143;143;143;143;143;143;143;143;143
237;HA CULTIVABLE;MRS;82;82;82;82;72;72;72;62;62;56;56;56;56;56;56;56;56;56;56;56;56;56;56;56;56;56;56;56;56;56;56;56;56;56;56;56;56;56;56;56;56;56;56;56;56;56;56;56;56;56;56;56
238;HA CULTIVABLE;DON FUAD;176;176;176;176;176;176;176;176;176;176;176;176;176;176;176;176;176;176;176;176;176;176;176;176;176;176;176;176;176;176;176;176;176;176;176;176;176;176;176;176;176;176;176;176;176;176;176;176;176;176;176;176
239;HA CULTIVABLE;EUFEMIA;278;278;278;278;278;278;278;278;278;278;278;278;278;278;278;278;278;278;278;278;266;266;266;266;266;266;266;266;266;266;266;266;266;266;266;266;266;266;266;266;266;266;266;266;266;266;266;266;266;266;266;266
240;HA CULTIVABLE;OLGA;48;48;48;48;48;48;48;48;48;48;48;48;48;48;48;48;48;48;48;48;48;48;48;48;48;48;48;48;48;48;48;48;48;48;48;48;48;48;48;48;48;48;48;48;48;48;48;48;48;48;48;48
241;HA CULTIVABLE;DON SAID;559;559;559;559;559;559;559;559;559;559;559;559;559;559;559;559;559;559;559;559;559;559;559;559;559;559;559;559;559;559;559;559;559;559;559;559;559;559;559;559;559;559;559;559;559;559;559;559;559;559;559;559
242;HA CULTIVABLE;ASUNTINA;253;253;253;253;253;253;253;253;253;253;253;253;253;253;253;253;253;253;253;253;253;253;253;253;253;253;253;253;253;253;253;253;253;253;253;253;253;253;253;253;253;253;253;253;253;253;253;253;253;253;253;253
243;HA CULTIVABLE;PORLAMAR;497;497;497;497;497;497;497;497;497;497;497;497;497;497;497;497;497;497;497;497;497;497;497;497;497;497;497;497;497;497;497;497;497;497;497;497;497;497;497;497;497;497;497;497;497;497;497;497;497;497;497;497
244;HA CULTIVABLE;EL MORRO;49;49;49;49;49;49;49;49;49;49;49;49;49;49;49;49;49;49;49;49;49;49;49;49;49;49;49;49;49;49;49;49;49;49;49;49;49;49;49;49;49;49;49;49;49;49;49;49;49;49;49;49
245;HA CULTIVABLE;LA PERLA;56;56;56;56;56;56;56;56;56;56;56;56;56;56;56;56;56;56;56;56;56;56;56;56;56;56;56;56;56;56;56;56;56;56;56;56;56;56;56;56;56;56;56;56;56;56;56;56;56;56;56;56
246;HA CULTIVABLE;ARACATACA;281;281;281;281;281;281;281;281;281;281;281;281;281;281;281;281;281;281;281;281;281;281;281;281;281;281;281;281;281;281;281;281;281;281;281;281;281;281;281;281;281;281;281;281;281;281;281;281;281;281;281;281
247;HA CULTIVABLE;BOCATOMA;133;133;133;133;133;133;133;133;133;133;133;133;133;133;133;133;133;133;133;133;133;133;133;133;133;133;133;133;133;133;133;133;133;133;133;133;133;133;133;133;133;133;133;133;133;133;133;133;133;133;133;133
248;HA CULTIVABLE;JOYA;230;230;230;230;230;230;230;230;230;230;230;230;230;230;230;230;230;230;230;230;230;230;230;230;230;230;230;230;230;230;230;230;230;230;230;230;230;230;230;230;230;230;230;230;230;230;230;230;230;230;230;230
249;HA CULTIVABLE;ESMERALDA;0;0;0;0;0;0;0;0;0;0;0;0;0;0;0;0;0;0;0;0;0;0;0;0;0;0;0;0;0;0;0;0;0;0;0;0;0;0;0;0;0;0;0;0;0;0;0;0;0;0;0;0
250;HA CULTIVABLE;NARANJOS;100;100;100;100;100;100;100;100;100;100;100;100;100;100;100;100;100;100;100;100;100;100;100;100;100;100;100;100;100;100;100;100;100;100;100;100;100;100;100;100;100;100;100;100;100;100;100;100;100;100;100;100
251;HA CULTIVABLE;YUNQUE;63;63;63;63;63;63;63;63;63;63;63;63;63;63;63;63;63;63;63;63;63;63;63;63;63;63;63;63;63;63;63;63;63;63;63;63;63;63;63;63;63;63;63;63;63;63;63;63;63;63;63;63
252;HA CULTIVABLE;DONAMA;137;137;137;137;137;137;137;137;137;137;137;137;137;137;137;137;137;137;137;137;137;137;137;137;137;137;137;137;137;137;137;137;137;137;137;137;137;137;137;137;137;137;137;137;137;137;137;137;137;137;137;137
253;HA CULTIVABLE;BURDEOS;0;0;0;0;0;0;0;0;0;0;0;0;0;0;0;0;0;0;0;0;0;0;0;0;0;0;0;0;0;0;0;0;0;0;0;0;0;0;0;0;0;0;0;0;0;0;0;0;0;0;0;0
254;HA CULTIVABLE;DON MARCE SUR 2;66;66;66;66;66;66;66;66;66;66;66;66;66;66;66;66;66;66;66;66;66;66;66;66;66;66;66;66;66;66;66;66;66;66;66;66;66;66;66;66;66;66;66;66;66;66;66;66;66;66;66;66
255;HA CULTIVABLE;LAS MARGARITAS;112;112;112;112;112;112;112;112;112;112;112;112;112;112;112;112;112;112;112;112;112;112;112;112;112;112;112;112;112;112;112;112;112;112;112;112;112;112;112;112;112;112;112;112;112;112;112;112;112;112;112;112
256;HA CULTIVABLE;LA CECILIA;58;58;58;58;58;58;58;58;58;58;58;58;58;58;58;58;58;58;58;58;58;58;58;58;58;58;58;58;58;58;58;58;58;58;58;58;58;58;58;58;58;58;58;58;58;58;58;58;58;58;58;58
257;HA CULTIVABLE;JOSEFINA;78;78;78;78;78;78;78;78;78;78;78;78;78;78;78;78;78;78;78;78;78;78;78;78;78;78;78;78;78;78;78;78;78;78;78;78;78;78;78;78;78;78;78;78;78;78;78;78;78;78;78;78
258;HA CULTIVABLE;SAN ALFREDO;46;46;46;46;46;46;46;46;46;46;46;46;46;46;46;46;46;46;46;46;46;46;46;46;46;46;46;46;46;46;46;46;46;46;46;46;46;46;46;46;46;46;46;46;46;46;46;46;46;46;46;46
259;HA CULTIVABLE;VICTORIA;182;182;182;182;182;182;182;182;182;182;182;182;182;182;182;182;182;182;182;182;182;182;182;182;182;182;182;182;182;182;182;182;182;182;182;182;182;182;182;182;182;182;182;182;182;182;182;182;182;182;182;182
260;HA CULTIVABLE;CIRCASIA;112;112;112;112;112;112;112;112;112;112;112;112;112;112;112;112;112;112;112;112;112;112;112;112;112;112;112;112;112;112;112;112;112;112;112;112;112;112;112;112;112;112;112;112;112;112;112;112;112;112;112;112
261;HA CULTIVABLE;CIÉNAGA;47;47;47;47;47;47;47;47;47;47;47;47;47;47;47;47;47;47;47;47;47;47;47;47;47;47;47;47;47;47;47;47;47;47;47;47;47;47;47;47;47;47;47;47;47;47;47;47;47;47;47;47
262;HA CULTIVABLE;MARÍA;43;43;43;43;43;43;43;43;43;43;43;43;43;43;43;43;43;43;43;43;43;43;43;43;43;43;43;43;43;43;43;43;43;43;43;43;43;43;43;43;43;43;43;43;43;43;43;43;43;43;43;43
263;HA CULTIVABLE;REMANSO;351;351;351;351;351;351;351;351;351;351;351;351;351;351;351;351;351;351;351;351;351;351;351;351;351;351;351;351;351;351;351;351;351;351;351;351;351;351;351;351;351;351;351;351;351;351;351;351;351;351;351;351
264;HA CULTIVABLE;PIEDECUESTA;151;151;151;151;151;151;151;151;151;151;151;151;151;151;151;151;151;151;151;151;151;151;151;151;151;151;151;151;151;151;151;151;151;151;151;151;151;151;151;151;151;151;151;151;151;151;151;151;151;151;151;151
265;HA CULTIVABLE;NÁUTICA;394;394;394;394;394;394;394;394;394;394;394;394;394;394;394;394;394;394;394;394;394;394;394;394;394;303;303;303;303;303;303;303;303;303;303;303;303;303;303;303;303;303;303;303;303;303;303;303;303;303;303;303
266;HA CULTIVABLE;LAS LINAS;271;271;271;271;271;271;271;271;271;271;271;271;271;271;271;271;271;271;271;271;271;250;250;250;250;250;250;250;250;250;250;250;250;258;263;268;268;268;268;268;268;268;268;268;268;268;268;268;268;268;268;268
267;HA CULTIVABLE;DON ALÍ;178;178;178;178;178;178;178;178;178;178;178;178;178;178;178;178;178;178;178;178;178;178;178;178;170;170;170;170;170;170;170;170;170;170;170;170;170;170;170;170;170;170;170;170;170;170;170;170;170;170;170;170
268;HA CULTIVABLE;DR4 DON ALÍ;17;17;17;17;17;17;17;17;17;17;17;17;17;17;17;17;17;17;17;17;17;17;17;17;17;17;17;17;17;17;17;17;17;17;17;17;17;17;17;17;17;17;17;17;17;17;17;17;17;17;17;17
269;HA CULTIVABLE;DON CARLOS;54;54;54;54;54;54;54;54;54;54;54;54;54;54;54;54;54;54;54;54;54;54;54;54;54;54;54;54;54;54;54;54;54;54;54;54;54;54;54;54;54;54;54;54;54;54;54;54;54;54;54;54
270;HA CULTIVABLE;EVA NORTE;420;420;420;420;420;420;420;411;411;403;403;403;403;403;403;411;411;411;411;411;411;411;411;411;411;411;411;411;411;411;411;411;411;411;411;411;411;411;411;411;411;411;411;411;411;411;411;411;411;411;411;411
271;HA CULTIVABLE;DON PEDRO;203;203;203;203;203;203;203;203;203;203;203;203;203;203;203;203;203;203;203;203;203;203;203;203;203;203;203;203;203;203;203;203;203;203;203;203;203;203;203;203;203;203;203;203;203;203;203;203;203;203;203;203
272;HA CULTIVABLE;LA VELA;140;140;140;140;140;140;140;140;140;140;140;140;140;140;140;140;140;140;140;140;140;140;140;140;136;136;136;136;136;136;136;136;136;136;136;136;136;136;136;136;136;136;136;136;136;136;136;136;136;136;136;136
273;HA CULTIVABLE;ESPERANZA;132;137;137;137;137;137;137;137;137;137;137;137;137;137;137;137;137;137;137;137;137;137;137;137;122;122;122;122;122;122;122;122;122;122;122;122;122;122;122;122;122;122;122;122;122;122;122;122;122;122;122;122
274;HA CULTIVABLE;LINA MARGARITA;82;82;82;82;82;82;82;82;82;82;82;82;82;82;82;82;82;82;82;86;90;94;98;102;102;102;102;102;102;102;102;102;102;102;102;102;102;102;102;102;102;102;102;102;102;102;102;102;102;102;102;102
275;HA CULTIVABLE;DON MARCE;118;121;124;131;139;146;154;161;169;176;184;191;199;206;206;206;206;206;206;206;206;206;206;206;206;206;206;206;206;206;206;206;206;206;206;206;206;206;206;206;206;206;206;206;206;206;206;206;206;206;206;206
276;% DE MERMA CORT.;ENANO;0.13;0.1;0.14;0.15;0.13;0.14;0.12;0.1;0.09;0.07;0.06;0.07;0.07;0.09;0.09;0.09;0.08;0.09;0.08;0.09;0.09;0.08;0.09;0.08;0.08;0.09;0.08;0.08;0.08;0.08;0.08;0.09;0.08;0.08;0.09;0.09;0.09;0.09;0.09;0.09;0.09;0.1;0.09;0.1;0.1;0.1;0.1;0.09;0.1;0.1;0.1;0.1
277;% DE MERMA CORT.;EVA;0.07;0.1;0.08;0.09;0.09;0.06;0.08;0.08;0.07;0.05;0.05;0.05;0.04;0.05;0.05;0.03;0.06;0.06;0.06;0.07;0.06;0.06;0.07;0.06;0.07;0.06;0.06;0.06;0.06;0.07;0.07;0.08;0.07;0.07;0.07;0.07;0.07;0.08;0.08;0.09;0.08;0.08;0.08;0.08;0.08;0.08;0.08;0.08;0.08;0.08;0.08;0.08
278;% DE MERMA CORT.;SAMI;0.05;0.13;0.07;0.09;0.1;0.09;0.09;0.07;0.05;0.09;0.06;0.05;0.05;0.05;0.05;0.04;0.06;0.07;0.06;0.06;0.06;0.06;0.06;0.06;0.06;0.06;0.06;0.06;0.06;0.07;0.07;0.07;0.06;0.07;0.07;0.07;0.07;0.07;0.07;0.08;0.08;0.08;0.08;0.08;0.08;0.08;0.08;0.08;0.08;0.08;0.08;0.08
279;% DE MERMA CORT.;VEGA;0.09;0.1;0.12;0.13;0.08;0.09;0.09;0.09;0.08;0.07;0.07;0.05;0.05;0.05;0.04;0.04;0.07;0.07;0.06;0.06;0.06;0.06;0.06;0.06;0.06;0.07;0.07;0.07;0.07;0.06;0.06;0.07;0.07;0.06;0.07;0.07;0.07;0.07;0.07;0.08;0.07;0.07;0.08;0.08;0.08;0.08;0.08;0.08;0.08;0.08;0.08;0.08
280;% DE MERMA CORT.;FEDERICA;0.24;0.17;0.32;0.25;0.15;0.08;0.08;0.08;0.1;0.12;0.11;0.09;0.09;0.1;0.09;0.1;0.09;0.1;0.09;0.1;0.1;0.1;0.09;0.08;0.08;0.08;0.08;0.09;0.09;0.09;0.08;0.09;0.09;0.09;0.09;0.09;0.09;0.09;0.09;0.1;0.1;0.1;0.1;0.11;0.11;0.12;0.11;0.12;0.12;0.12;0.12;0.12
281;% DE MERMA CORT.;NEERLANDIA;0.11;0.11;0.08;0.16;0.15;0.13;0.08;0.09;0.08;0.07;0.06;0.08;0.05;0.05;0.07;0.06;0.07;0.08;0.07;0.08;0.08;0.08;0.08;0.08;0.08;0.08;0.08;0.08;0.08;0.07;0.07;0.08;0.08;0.08;0.08;0.09;0.09;0.09;0.08;0.08;0.08;0.08;0.09;0.09;0.09;0.09;0.09;0.09;0.08;0.08;0.09;0.08
282;% DE MERMA CORT.;SAN ANTONIO;0.14;0.14;0.12;0.18;0.16;0.21;0.12;0.13;0.11;0.12;0.09;0.09;0.08;0.09;0.08;0.09;0.09;0.08;0.09;0.09;0.09;0.09;0.09;0.09;0.08;0.09;0.09;0.09;0.09;0.08;0.08;0.09;0.09;0.09;0.09;0.09;0.09;0.1;0.09;0.09;0.09;0.1;0.09;0.1;0.09;0.09;0.1;0.09;0.1;0.1;0.09;0.1
283;% DE MERMA CORT.;MRS;0.09;0.18;0.16;0.19;0.1;0.15;0.06;0.15;0.11;0.08;0.11;0.08;0.08;0.09;0.1;0.12;0.12;0.12;0.11;0.11;0.1;0.1;0.11;0.1;0.1;0.09;0.09;0.09;0.09;0.09;0.09;0.1;0.1;0.1;0.11;0.1;0.1;0.1;0.1;0.11;0.11;0.11;0.12;0.12;0.12;0.12;0.12;0.12;0.12;0.12;0.12;0.12
284;% DE MERMA CORT.;DON FUAD;0.14;0.2;0.21;0.19;0.16;0.17;0.13;0.17;0.1;0.11;0.13;0.12;0.12;0.14;0.11;0.12;0.12;0.13;0.12;0.12;0.12;0.11;0.12;0.11;0.12;0.12;0.11;0.11;0.11;0.11;0.11;0.12;0.12;0.12;0.12;0.13;0.13;0.13;0.13;0.13;0.12;0.13;0.12;0.13;0.12;0.13;0.12;0.12;0.13;0.13;0.12;0.13
285;% DE MERMA CORT.;EUFEMIA;0.07;0.13;0.09;0.14;0.13;0.12;0.11;0.12;0.13;0.14;0.11;0.1;0.1;0.11;0.12;0.09;0.1;0.1;0.09;0.1;0.1;0.09;0.09;0.09;0.09;0.09;0.09;0.09;0.09;0.09;0.09;0.09;0.09;0.1;0.1;0.1;0.1;0.1;0.1;0.11;0.1;0.1;0.1;0.1;0.1;0.1;0.1;0.1;0.1;0.1;0.1;0.1
286;% DE MERMA CORT.;OLGA;0.11;0.1;0.1;0.13;0.07;0.11;0.1;0.1;0.1;0.1;0.1;0.09;0.1;0.1;0.09;0.09;0.09;0.09;0.09;0.1;0.09;0.09;0.09;0.08;0.08;0.08;0.08;0.08;0.08;0.08;0.08;0.09;0.08;0.08;0.08;0.08;0.08;0.08;0.08;0.09;0.09;0.09;0.1;0.1;0.1;0.1;0.1;0.1;0.1;0.1;0.1;0.1
287;% DE MERMA CORT.;DON SAID;0.21;0.22;0.26;0.26;0.21;0.18;0.14;0.12;0.13;0.14;0.14;0.15;0.13;0.14;0.09;0.1;0.11;0.11;0.11;0.11;0.11;0.11;0.12;0.12;0.12;0.11;0.12;0.12;0.12;0.12;0.12;0.12;0.12;0.12;0.12;0.11;0.12;0.12;0.12;0.12;0.13;0.13;0.13;0.13;0.13;0.13;0.13;0.13;0.13;0.13;0.13;0.14
288;% DE MERMA CORT.;ASUNTINA;0.18;0.18;0.19;0.19;0.2;0.22;0.19;0.23;0.27;0.27;0.17;0.13;0.14;0.15;0.14;0.19;0.15;0.15;0.16;0.14;0.12;0.13;0.12;0.12;0.12;0.12;0.12;0.12;0.12;0.12;0.12;0.13;0.12;0.12;0.12;0.13;0.13;0.13;0.14;0.12;0.14;0.14;0.14;0.15;0.15;0.15;0.15;0.15;0.15;0.15;0.15;0.15
289;% DE MERMA CORT.;PORLAMAR;0.19;0.2;0.2;0.2;0.23;0.22;0.21;0.22;0.19;0.21;0.16;0.15;0.15;0.16;0.17;0.16;0.15;0.15;0.15;0.15;0.15;0.13;0.13;0.13;0.13;0.12;0.12;0.12;0.12;0.12;0.12;0.13;0.12;0.12;0.12;0.12;0.12;0.13;0.13;0.14;0.14;0.14;0.14;0.14;0.15;0.15;0.16;0.16;0.16;0.16;0.16;0.16
290;% DE MERMA CORT.;EL MORRO;0.12;0.15;0.13;0.3;0.19;0.2;0.21;0.28;0.15;0.15;0.16;0.16;0.15;0.15;0.14;0.14;0.15;0.15;0.15;0.14;0.13;0.12;0.11;0.11;0.11;0.1;0.1;0.11;0.1;0.1;0.1;0.1;0.08;0.09;0.09;0.09;0.09;0.1;0.1;0.1;0.1;0.11;0.11;0.11;0.11;0.12;0.12;0.12;0.12;0.13;0.13;0.13
291;% DE MERMA CORT.;LA PERLA;0.08;0.09;0.08;0.09;0.12;0.11;0.09;0.18;0.2;0.18;0.17;0.17;0.16;0.15;0.14;0.12;0.12;0.11;0.11;0.1;0.1;0.1;0.1;0.1;0.1;0.1;0.08;0.09;0.09;0.09;0.08;0.09;0.08;0.08;0.09;0.08;0.08;0.09;0.09;0.09;0.09;0.1;0.1;0.11;0.11;0.11;0.11;0.11;0.11;0.12;0.12;0.13
292;% DE MERMA CORT.;ARACATACA;0.13;0.13;0.13;0.18;0.13;0.13;0.11;0.1;0.12;0.14;0.14;0.14;0.14;0.16;0.14;0.15;0.12;0.12;0.12;0.12;0.12;0.11;0.12;0.12;0.12;0.12;0.12;0.12;0.12;0.12;0.12;0.13;0.12;0.12;0.12;0.12;0.12;0.12;0.12;0.13;0.13;0.13;0.13;0.14;0.14;0.14;0.14;0.14;0.14;0.14;0.14;0.14
293;% DE MERMA CORT.;BOCATOMA;0;0.48;0;0.43;0.25;0.12;0.21;0.17;0.2;0.24;0.2;0.24;0.2;0.21;0.17;0.12;0.13;0.12;0.13;0.12;0.12;0.12;0.13;0.12;0.12;0.13;0.12;0.12;0.12;0.13;0.12;0.13;0.13;0.14;0.13;0.13;0.13;0.13;0.13;0.13;0.14;0.13;0.13;0.13;0.13;0.13;0.13;0.13;0.13;0.13;0.13;0.13
294;% DE MERMA CORT.;JOYA;0.09;0.07;0.07;0.06;0.06;0.06;0.06;0.04;0.06;0.04;0.03;0.01;0.04;0.02;0.02;0.01;0.06;0.06;0.06;0.07;0.07;0.07;0.07;0.06;0.07;0.06;0.07;0.07;0.06;0.06;0.06;0.06;0.06;0.06;0.07;0.07;0.06;0.07;0.06;0.06;0.07;0.07;0.07;0.08;0.08;0.08;0.08;0.08;0.08;0.08;0.08;0.08
295;% DE MERMA CORT.;ESMERALDA;0;0;0;0;0;0;0;0;0;0;0;0;0;0;0;0;0;0;0;0;0;0;0;0;0;0;0;0;0;0;0;0;0;0;0;0;0;0;0;0;0;0;0;0;0;0;0;0;0;0;0;0
296;% DE MERMA CORT.;NARANJOS;0.09;0.07;0.05;0.04;0.05;0.05;0.04;0.06;0.04;0.04;0.02;0.05;0.06;0.06;0.09;0.07;0.07;0.07;0.06;0.07;0.07;0.07;0.07;0.07;0.07;0.07;0.07;0.07;0.07;0.07;0.06;0.07;0.07;0.07;0.07;0.07;0.07;0.07;0.07;0.08;0.07;0.08;0.08;0.08;0.08;0.08;0.08;0.08;0.08;0.08;0.08;0.08
297;% DE MERMA CORT.;YUNQUE;0.07;0.05;0.08;0.07;0.08;0.07;0.06;0.04;0.04;0.06;0.03;0.06;0.03;0.06;0.06;0.04;0.06;0.06;0.07;0.06;0.06;0.06;0.06;0.06;0.06;0.06;0.06;0.06;0.06;0.06;0.06;0.07;0.06;0.06;0.06;0.06;0.06;0.06;0.06;0.07;0.06;0.07;0.06;0.07;0.07;0.07;0.07;0.08;0.07;0.07;0.08;0.07
298;% DE MERMA CORT.;DONAMA;0.09;0.11;0.07;0.06;0.07;0.02;0.04;0.02;0.03;0.03;0.04;0.03;0.04;0.03;0.01;0.02;0.07;0.07;0.06;0.07;0.07;0.07;0.07;0.07;0.06;0.07;0.07;0.07;0.07;0.07;0;0;0;0;0;0;0;0;0;0;0;0;0;0;0;0;0;0;0;0;0;0
299;% DE MERMA CORT.;BURDEOS;0;0;0;0;0;0;0;0;0;0;0;0;0;0;0;0;0;0;0;0;0;0;0;0;0;0;0;0;0;0;0;0;0;0;0;0;0;0;0;0;0;0;0;0;0;0;0;0;0;0;0;0
300;% DE MERMA CORT.;DON MARCE SUR 2;0.15;0.15;0.15;0.06;0.09;0.04;0.04;0.07;0.04;0.08;0.05;0.03;0.08;0.02;0.04;0.03;0.06;0.06;0.05;0.06;0.06;0.06;0.06;0.06;0.07;0.07;0.07;0.07;0.07;0.06;0.06;0.07;0.07;0.07;0.07;0.07;0.07;0.08;0.08;0.08;0.07;0.08;0.08;0.08;0.08;0.08;0.08;0.08;0.08;0.08;0.08;0.08
301;% DE MERMA CORT.;LAS MARGARITAS;0.1;0.12;0.1;0.13;0.11;0.11;0.09;0.1;0.08;0.1;0.09;0.09;0.08;0.08;0.08;0.08;0.08;0.08;0.08;0.08;0.08;0.08;0.08;0.08;0.08;0.08;0.08;0.08;0.08;0.08;0.08;0.09;0.08;0.08;0.09;0.09;0.09;0.1;0.1;0.1;0.09;0.09;0.09;0.09;0.09;0.1;0.09;0.09;0.09;0.09;0.09;0.09
302;% DE MERMA CORT.;LA CECILIA;0.14;0.12;0.13;0.14;0.11;0.12;0.13;0.08;0.08;0.1;0.08;0.1;0.09;0.11;0.1;0.13;0.1;0.1;0.08;0.08;0.08;0.08;0.09;0.08;0.08;0.09;0.08;0.08;0.08;0.08;0.08;0.09;0.08;0.08;0.09;0.09;0.09;0.09;0.1;0.09;0.1;0.1;0.1;0.1;0.1;0.1;0.1;0.1;0.1;0.1;0.1;0.1
303;% DE MERMA CORT.;JOSEFINA;0.09;0.13;0.14;0.13;0.11;0.11;0.11;0.12;0.11;0.1;0.1;0.1;0.1;0.08;0.09;0.1;0.1;0.1;0.09;0.1;0.09;0.08;0.09;0.08;0.09;0.08;0.08;0.08;0.08;0.08;0.08;0.09;0.08;0.08;0.09;0.09;0.09;0.09;0.09;0.1;0.1;0.11;0.1;0.1;0.1;0.11;0.1;0.1;0.1;0.1;0.1;0.1
304;% DE MERMA CORT.;SAN ALFREDO;0.08;0.1;0.07;0.04;0.07;0.08;0.07;0.07;0.04;0.06;0.06;0.05;0.05;0.05;0.06;0.06;0.06;0.06;0.06;0.06;0.06;0.06;0.06;0.06;0.06;0.06;0.06;0.06;0.06;0.06;0.06;0.06;0.06;0.06;0.06;0.06;0.07;0.06;0.06;0.06;0.07;0.07;0.07;0.07;0.07;0.07;0.07;0.07;0.07;0.07;0.07;0.07
305;% DE MERMA CORT.;VICTORIA;0.12;0.13;0.11;0.13;0.13;0.12;0.1;0.11;0.11;0.12;0.11;0.11;0.11;0.11;0.1;0.1;0.1;0.1;0.1;0.1;0.1;0.09;0.09;0.09;0.09;0.09;0.09;0.09;0.1;0.09;0.09;0.09;0.09;0.09;0.09;0.1;0.1;0.1;0.1;0.1;0.1;0.1;0.09;0.1;0.1;0.1;0.1;0.1;0.1;0.1;0.1;0.1
306;% DE MERMA CORT.;CIRCASIA;0.1;0.15;0.14;0.14;0.12;0.1;0.12;0.15;0.12;0.12;0.1;0.12;0.1;0.14;0.14;0.12;0.12;0.12;0.12;0.11;0.11;0.1;0.1;0.1;0.1;0.09;0.1;0.1;0.09;0.09;0.09;0.09;0.09;0.09;0.1;0.1;0.1;0.11;0.11;0.11;0.11;0.11;0.1;0.11;0.11;0.11;0.11;0.11;0.11;0.11;0.11;0.11
307;% DE MERMA CORT.;CIÉNAGA;0.04;0.06;0.1;0.06;0.07;0.08;0.06;0.09;0.07;0.04;0.06;0.05;0.08;0.06;0.04;0.03;0.06;0.07;0.06;0.07;0.07;0.07;0.07;0.07;0.06;0.07;0.07;0.07;0.07;0.06;0.06;0.07;0.07;0.07;0.07;0.06;0.06;0.07;0.07;0.07;0.07;0.08;0.08;0.08;0.08;0.08;0.08;0.09;0.09;0.08;0.09;0.09
308;% DE MERMA CORT.;MARÍA;0.09;0.15;0.1;0.1;0.11;0.13;0.07;0.1;0.11;0.1;0.11;0.12;0.12;0.13;0.11;0.13;0.07;0.08;0.08;0.08;0.07;0.07;0.07;0.07;0.07;0.08;0.07;0.07;0.07;0.08;0.07;0.08;0.07;0.07;0.07;0.07;0.07;0.07;0.07;0.08;0.08;0.08;0.09;0.09;0.09;0.1;0.09;0.09;0.09;0.09;0.1;0.09
309;% DE MERMA CORT.;REMANSO;0.21;0.24;0.17;0.16;0.18;0.2;0.19;0.22;0.16;0.16;0.14;0.13;0.13;0.13;0.12;0.12;0.12;0.12;0.12;0.12;0.11;0.11;0.11;0.11;0.11;0.11;0.1;0.1;0.1;0.1;0.1;0.1;0.11;0.1;0.11;0.11;0.11;0.12;0.12;0.12;0.12;0.13;0.12;0.13;0.13;0.13;0.13;0.13;0.13;0.13;0.13;0.13
310;% DE MERMA CORT.;PIEDECUESTA;0.25;0.26;0.23;0.18;0.18;0.19;0.19;0.15;0.18;0.19;0.17;0.15;0.14;0.11;0.1;0.12;0.11;0.1;0.1;0.1;0.1;0.09;0.1;0.1;0.1;0.1;0.1;0.1;0.1;0.1;0.1;0.1;0.1;0.1;0.1;0.1;0.1;0.11;0.1;0.1;0.11;0.11;0.12;0.12;0.12;0.12;0.12;0.12;0.12;0.12;0.12;0.12
311;% DE MERMA CORT.;NÁUTICA;0.18;0.19;0.19;0.23;0.28;0.27;0.31;0.32;0.32;0.33;0.34;0.3;0.29;0.25;0.24;0.23;0.19;0.19;0.19;0.19;0.18;0.18;0.17;0.16;0.16;0.15;0.15;0.14;0.14;0.15;0.14;0.15;0.15;0.15;0.15;0.16;0.16;0.16;0.16;0.17;0.16;0.17;0.17;0.17;0.17;0.17;0.17;0.17;0.17;0.17;0.17;0.17
312;% DE MERMA CORT.;LAS LINAS;0.12;0.11;0.12;0.14;0.12;0.1;0.1;0.13;0.11;0.11;0.1;0.1;0.1;0.11;0.11;0.1;0.12;0.1;0.1;0.11;0.1;0.1;0.1;0.1;0.1;0.11;0.1;0.1;0.1;0.1;0.1;0.1;0.1;0.1;0.1;0.1;0.11;0.11;0.11;0.11;0.12;0.12;0.13;0.13;0.12;0.12;0.13;0.13;0.13;0.12;0.13;0.13
313;% DE MERMA CORT.;DON ALÍ;0.22;0.19;0.18;0.18;0.21;0.2;0.23;0.18;0.2;0.24;0.23;0.19;0.18;0.14;0.12;0.11;0.14;0.15;0.14;0.14;0.15;0.15;0.15;0.15;0.14;0.15;0.14;0.15;0.16;0.17;0.16;0.16;0.16;0.16;0.16;0.17;0.17;0.16;0.17;0.17;0.18;0.17;0.18;0.19;0.2;0.2;0.19;0.19;0.2;0.19;0.2;0.2
314;% DE MERMA CORT.;DR4 DON ALÍ;0;0;0.18;0;0.37;0.43;0.19;0.25;0.33;0.24;0.24;0.31;0.31;0.34;0.13;0.17;0.12;0.13;0.12;0.13;0.12;0.12;0.12;0.14;0.12;0.11;0.11;0.12;0.12;0.13;0.12;0.11;0.13;0.12;0.13;0.13;0.13;0.14;0.14;0.13;0.14;0.14;0.14;0.15;0.16;0.16;0.16;0.16;0.16;0.16;0.16;0.17
315;% DE MERMA CORT.;DON CARLOS;0.22;0.28;0.21;0.16;0.21;0.28;0.22;0.22;0.22;0.18;0.21;0.12;0.14;0.11;0.13;0.12;0.24;0.23;0.21;0.19;0.19;0.17;0.16;0.16;0.14;0.12;0.1;0.1;0.11;0.11;0.1;0.1;0.11;0.1;0.1;0.11;0.11;0.12;0.11;0.11;0.12;0.12;0.12;0.13;0.13;0.14;0.14;0.14;0.14;0.14;0.14;0.14
316;% DE MERMA CORT.;EVA NORTE;0.28;0.29;0.27;0.29;0.28;0.25;0.25;0.24;0.24;0.27;0.24;0.23;0.24;0.22;0.2;0.22;0.24;0.23;0.22;0.22;0.2;0.2;0.19;0.17;0.17;0.16;0.15;0.15;0.15;0.14;0.14;0.14;0.14;0.14;0.14;0.15;0.15;0.16;0.16;0.16;0.16;0.16;0.16;0.16;0.17;0.17;0.17;0.17;0.17;0.17;0.17;0.17
317;% DE MERMA CORT.;DON PEDRO;0.25;0.27;0.26;0.26;0.26;0.21;0.18;0.16;0.17;0.19;0.16;0.15;0.16;0.19;0.15;0.14;0.16;0.14;0.13;0.11;0.11;0.11;0.11;0.11;0.11;0.11;0.11;0.12;0.11;0.11;0.11;0.11;0.12;0.12;0.12;0.13;0.13;0.13;0.14;0.14;0.14;0.14;0.15;0.14;0.14;0.14;0.14;0.14;0.14;0.15;0.14;0.14
318;% DE MERMA CORT.;LA VELA;0.19;0.43;0.34;0.43;0.45;0.34;0.35;0.28;0.17;0.22;0.21;0.22;0.21;0.18;0.17;0.16;0.19;0.18;0.18;0.17;0.16;0.15;0.14;0.13;0.12;0.12;0.12;0.12;0.11;0.12;0.11;0.11;0.11;0.12;0.11;0.12;0.13;0.13;0.14;0.13;0.13;0.14;0.16;0.16;0.15;0.16;0.15;0.16;0.15;0.15;0.16;0.16
319;% DE MERMA CORT.;ESPERANZA;0.12;0.13;0.12;0.14;0.16;0.16;0.17;0.13;0.16;0.17;0.18;0.14;0.13;0.14;0.13;0.14;0.16;0.13;0.12;0.12;0.11;0.11;0.11;0.1;0.1;0.1;0.11;0.11;0.11;0.1;0.11;0.11;0.11;0.1;0.11;0.11;0.11;0.11;0.12;0.12;0.12;0.12;0.12;0.13;0.13;0.13;0.14;0.14;0.14;0.14;0.14;0.14
320;% DE MERMA CORT.;LINA MARGARITA;0.09;0.08;0.09;0.09;0.08;0.08;0.08;0.09;0.09;0.09;0.1;0.08;0.08;0.08;0.08;0.07;0.08;0.07;0.06;0.07;0.07;0.07;0.07;0.07;0.06;0.07;0.07;0.07;0.07;0.06;0.06;0.07;0.07;0.07;0.07;0.08;0.08;0.08;0.07;0.07;0.08;0.08;0.08;0.08;0.08;0.08;0.08;0.08;0.08;0.08;0.08;0.08
321;% DE MERMA CORT.;DON MARCE;0;0;0;0;0;0;0;0;0;0.13;0.12;0.12;0.09;0.09;0.08;0.11;0.08;0.06;0.08;0.06;0.13;0.03;0.12;0.12;0.12;0.12;0.12;0.12;0.1;0.1;0.08;0.08;0.08;0.08;0.08;0.08;0.08;0.08;0.07;0.07;0.07;0.07;0.07;0.07;0.07;0.07;0.06;0.06;0.06;0.06;0.07;0.07
322;PROM PESO;ENANO;19.5;19.5;19.2;18.9;18.3;17.3;18;18.3;18.5;18.3;18;18.4;17.9;18.4;18.5;18.3;18.3;18.6;18.5;18.6;18.9;19.2;19.7;20.1;20.2;20.7;20.9;21;21;21;21;21.1;20.9;21.1;20.9;20.9;21;21;20.7;20.7;20.3;20.5;19.9;20.1;20.2;20.4;20.2;20.1;20.1;19.7;20;20
323;PROM PESO;EVA;20.2;20;19.6;19;17.6;17.6;17.4;17.5;17.7;17.6;18;18.4;17.5;17.9;17;17;17.4;17.5;17.9;17.9;18.3;18.5;18.5;19;19.1;19.2;19.5;19.8;20.2;20.5;20.4;20.5;20.5;20.6;20.5;20.1;20;20.3;20;19.8;19.9;20;19.9;19.6;19.4;19.3;19.5;19.4;19.5;19.4;19.5;19.4
324;PROM PESO;SAMI;18.7;19.9;18.5;17.5;16.7;16.2;16.3;16.7;17.4;18.1;17.3;17.4;16.9;17;17;16.8;17;17.3;17.3;17.4;17.8;17.8;18.2;19;19.4;19.9;20.1;20.6;21.1;21;21;21;21;21;21;20.9;20.6;20.8;20.2;20.5;20.2;19.8;19.3;19.9;19.7;19.4;19.1;19;19.5;19;19.2;19
325;PROM PESO;VEGA;22.8;22.5;21.9;21.4;20.7;20.4;20.9;21.1;21.3;21.8;21.8;21.6;21.2;21.4;21.4;20.9;21.4;21.8;21.8;22;22.1;22.1;22.2;22.6;22.6;23.3;23.8;23.8;24.2;24.2;24.1;24.4;24.2;24.2;24.1;23.9;23.8;23.4;23.4;22.8;23;22.8;23.3;23.1;22.9;22.8;22.5;22.5;22.1;22.1;22.1;22.1
326;PROM PESO;FEDERICA;16.3;17.4;16.7;16.8;16.7;15.9;16.5;16.2;16.6;16.6;17.2;17.4;17;17.2;17.3;17.2;17.2;17.4;17.6;17.9;17.8;17.8;18;18.3;18.4;18.6;18.6;18.8;19;19;19.2;19.3;19.3;19;18.8;18.9;18.6;18.3;18.4;18.2;18.4;18.1;18;18.1;18;17.9;17.9;18.1;18;18.1;18;18
327;PROM PESO;NEERLANDIA;18.6;18.5;17.3;16.5;16.3;15.9;16;16.4;16.5;16.9;17.4;18;18;18.2;18.5;18.2;18.5;18.9;19.1;19.5;19.8;20;20.5;20.8;21.2;21.5;21.6;21.6;22;22;22;21.9;22;21.8;21.5;21.2;20.7;20.5;20.6;20.5;20.4;20.2;20.2;20.1;20;20.1;20.1;20.3;20.1;20.1;20.2;20
328;PROM PESO;SAN ANTONIO;17.4;17.4;17.3;16.3;16.2;15.7;16.4;16.1;16.1;16.2;16.4;16.9;16.7;16.9;17.1;17.4;17.4;17.4;17.8;18.2;18.6;19;19.5;19.8;20;20.5;21;21;21;20.8;21;21;21;20.8;20.6;20.3;20.3;20;19.4;19.2;19;18.9;19.1;19;19;19;19;19;19;19.1;18.9;18.9
329;PROM PESO;MRS;17.1;17;16.2;15.5;14.6;14.8;14.7;14.8;15.2;15.1;16.4;16.2;15.9;16;15.4;16.3;16.8;16.8;16.7;16.9;17;17.1;17.4;17.5;17.1;17.5;17.4;17.5;17.6;17.5;17.6;17.4;17.3;17.5;17.5;17.1;17.3;17.5;17.6;17.3;17.2;17.1;17.2;16.9;17;17;17;17.1;17;17;17;17
330;PROM PESO;DON FUAD;18;18;17.9;17.6;16.7;16.5;16.7;16.6;17.3;17.3;17.4;18.7;17.5;17.6;17.9;17.3;17.3;17.3;17.4;17.5;18;18.2;18.7;19;19;19.3;19.4;19.4;19.4;19.2;19.5;19.5;19.3;19.6;19.3;19;18.5;18.8;18.9;18.7;18.6;18.8;18.5;18.5;18.7;18.5;18.5;18.5;18.5;18.6;18.4;18.4
331;PROM PESO;EUFEMIA;19;19.5;19.3;18.4;17.8;17.5;18.1;18.2;18.5;18.1;18.3;18.6;18.4;18.3;18.5;18.3;18.6;18.8;19;19.4;19.8;20.1;20.3;20.8;21.1;21.7;22.1;22.3;22.2;22.1;22.2;22.2;22.3;22.2;21.8;21.9;21.5;21.3;21.1;21;20.7;20.4;20.2;20.2;20;19.9;20;20;19.7;19.7;19.8;19.8
332;PROM PESO;OLGA;17.5;16.3;16.2;16.1;15.7;15.9;16;16.1;16.2;15.8;16.4;16.5;16.4;16.6;16.4;17.5;17.8;18;18.2;18.3;18.4;19;19.2;19.6;19.7;20.1;20.2;20.5;20.6;20.4;20.5;20.6;20.5;20.4;20.1;20;19.5;19.2;18.8;18.5;18.4;18.5;18.3;18.3;17.9;17.8;17.8;17.7;17.7;17.8;17.7;17.9
333;PROM PESO;DON SAID;16.6;16.7;16.6;15.8;15.2;14.9;15.2;15.2;15.3;15.5;15.9;16.3;16.4;16.3;15.6;15.5;15.2;15.4;15.9;16;16.2;16.5;17.1;17.4;17.8;18.1;18.3;18.3;18.2;18.1;18.3;18.2;18.3;18.2;18;17.9;17.8;17.6;17.3;17.2;17;17.1;17.1;17.1;16.8;16.8;16.9;16.9;16.9;16.9;16.8;16.8
334;PROM PESO;ASUNTINA;16.6;17.3;17.8;17.4;16.9;17.2;16.9;17.2;17.9;18.4;17.1;16.8;16.7;16.9;16.8;17.1;17;17;17;17.1;17;17.4;17.9;18.2;18.9;19.2;19.7;19.7;20.2;20.4;20.4;20.1;20.1;20.2;19.9;19.5;19.2;19.1;18.8;18.4;18.4;18.3;18.3;18;17.8;17.9;17.6;17.4;17.5;17.6;17.6;17.6
335;PROM PESO;PORLAMAR;18.1;17.9;18;17.1;16.2;15.8;15.9;16.2;16.1;16.1;16.2;16.5;16.7;17;17.3;17.8;18;18.1;18.3;19.1;19.6;19.7;20.3;20.8;21.5;22.5;22.7;22.7;22.6;22.7;22.7;22.7;22.4;22.2;21.9;21.2;20.6;20.1;19.8;19.7;19.5;19.2;18.9;18.8;19.2;19.1;19.1;19;19;19.1;19;19
336;PROM PESO;EL MORRO;18.6;18.7;19;18.7;18.1;17.1;17.5;18.9;16.2;16.8;17.1;17.2;17.3;17;17.2;17.4;17.5;18.3;18.5;18.5;18.7;18.9;19;19.2;19.8;20.4;21.2;20.9;21.5;21.4;22;22.2;21;20.8;19.8;18.4;18.1;18.4;17.6;17.5;17.5;16.7;16.5;16.6;16.7;16.5;17;16.7;16.8;16.8;16.9;17.3
337;PROM PESO;LA PERLA;19.3;19.9;18.7;17.9;17;15.8;16.8;19;19.3;19.9;20.1;20.2;20.3;20;20.2;20.3;20.5;21.3;21.5;21.5;21.7;21.9;22;22.2;22.8;23.4;24.2;23.9;24.5;24.4;25;25.2;24;23.8;22.8;21.4;21;21.3;20.6;20.5;20.5;19.7;19.5;19.5;19.7;19.5;20;19.7;19.8;19.7;19.9;20.3
338;PROM PESO;ARACATACA;19;18.7;18.8;18.2;17.2;17;17.1;17.5;18;17.7;18.1;18.3;18.4;18.7;18.1;18.5;18.5;18.8;18.9;18.9;19.1;19.4;19.2;19.6;20.6;21;21.1;22;22.2;22.3;22.5;22.7;22.5;22.4;22.3;21.7;21.3;20.7;20.3;19.9;19.7;19.8;19.6;19.6;19.8;19.6;19.7;19.6;19.6;19.7;19.6;19.6
339;PROM PESO;BOCATOMA;0;19.1;0;23;21;19.5;20.5;20;20.1;21.8;20.5;20.6;21.1;20.7;20.4;20;19.8;19.4;19.2;18.5;18.4;18.7;18.8;18.5;19.2;19;19.3;19;19;19;19;19.3;19.8;20.6;22.3;23.2;24.3;25.2;25.5;26;26.5;26.4;26.5;26.7;26.2;26.3;26.1;26.3;26.3;26.4;26.1;26.1
340;PROM PESO;JOYA;16.4;15.9;15.7;15;14.3;14.1;13.9;14.1;14.3;14.3;14.7;15;15.2;15.1;14.9;15.6;16.4;16.5;16.8;17.2;17.6;17.8;18.3;18.6;19.1;19.2;19.3;19.4;19.2;19;19.2;19.1;19.2;19;18.8;18.4;17.9;17.6;17.7;17.4;17.4;17.4;17.2;17;17.2;17;16.9;16.9;17;17;16.9;16.9
341;PROM PESO;ESMERALDA;0;0;0;0;0;0;0;0;0;0;0;0;0;0;0;0;0;0;0;0;0;0;0;0;0;0;0;0;0;0;0;0;0;0;0;0;0;0;0;0;0;0;0;0;0;0;0;0;0;0;0;0
342;PROM PESO;NARANJOS;17.1;16.4;16;15.8;15.3;14.4;15.1;15.2;14.8;14.7;15.4;16.5;16.1;16.6;17.2;17.3;17.4;17.9;18;18.5;19;19.2;19.7;20;20.4;20.7;20.8;20.8;20.6;20.4;20.6;20.7;20.2;20;19.9;19.3;18.9;18.6;18.7;18.5;18.2;18.3;18.3;18.2;17.9;17.8;17.8;17.8;17.8;17.9;17.7;17.7
343;PROM PESO;YUNQUE;18.5;18.4;18.7;18.3;16.9;16.9;17.1;17.7;17.5;17.8;18.2;18.1;18.6;18.8;18.3;18.2;18.6;18.7;19.1;19.2;19.6;19.7;20.2;20.4;20.6;21.1;21.4;22;22;22;21.9;21.8;22;22;21.9;21.4;21.2;20.9;20.7;20.4;20.3;19.7;19.4;19.2;19.2;18.8;18.5;18.8;18.9;18.5;18.5;18.5
344;PROM PESO;DONAMA;16.6;15.6;15.6;15;14.4;14.3;14.5;14.2;14.2;14.5;15.1;14.7;14.2;13.6;13.6;13.8;14.6;14.6;14.7;15;15.1;15.1;15.2;15.1;15.2;15.4;15.2;15;15.1;14.9;0;0;0;0;0;0;0;0;0;0;0;0;0;0;0;0;0;0;0;0;0;0
345;PROM PESO;BURDEOS;0;0;0;0;0;0;0;0;0;0;0;0;0;0;0;0;0;0;0;0;0;0;0;0;0;0;0;0;0;0;0;0;0;0;0;0;0;0;0;0;0;0;0;0;0;0;0;0;0;0;0;0
346;PROM PESO;DON MARCE SUR 2;17;17.3;16.2;14.3;13.7;13.6;13.6;14.2;13.9;14.2;14.4;14.6;14.4;14.4;13.9;14.1;14.6;14.6;14.7;14.9;15;15.2;15;15.2;15.5;16;16.1;16.4;16.4;16.5;16.7;17;17;17.2;17.3;17.2;17.2;17.3;17.2;16.7;17;17;16.9;16.9;16.6;16.4;16.4;16.4;16.4;16.5;16.4;16.4
347;PROM PESO;LAS MARGARITAS;19.1;20;19.6;18.6;18.5;18.2;18;18.6;19.3;19.2;19.6;19.3;20.3;19.9;20.1;20.1;20.2;20.2;20.2;20.6;20.8;21;21.6;21.9;22.1;22.6;22.8;23.2;23.1;23.3;23.3;23.4;23.3;23.1;22.5;22.1;21.9;21.7;21.7;21.6;21.3;21.4;20.8;20.6;20.3;20.1;20.1;20.1;20.1;20.2;20.1;20.1
348;PROM PESO;LA CECILIA;19.4;19.9;19.4;18.7;18.9;17.7;18;18;18.6;18.8;18.7;19.7;18.8;19.3;19.6;20;19.6;20;20;20.3;20.4;20.6;20.7;21;21.6;21.7;21.9;22.3;22.3;22.3;22.3;22.3;22.3;22.1;22.3;21.5;21.3;21;20.6;20.1;19.9;19.6;19.6;19.7;19.7;19.7;19.8;19.8;19.8;19.9;19.7;19.8
349;PROM PESO;JOSEFINA;18.6;18.4;18.7;18.3;17.6;17.5;17.6;18.3;19.1;18.5;18.6;18.4;18.6;18.1;18.4;18.3;18.3;18.5;18.3;18.7;18.8;18.8;19.1;19.3;19.7;20;20.3;20.4;20.5;20.3;20.6;20.7;20.6;20.6;20.5;20.4;20.7;20.6;20.7;20.5;20.7;20.5;20.2;20.2;19.6;19.4;19.2;19;19;19.1;19;19
350;PROM PESO;SAN ALFREDO;19;18.8;18.1;18.4;17.9;17.5;17.7;17.8;18.8;18.7;19.6;19.7;19.5;20.1;20.1;19.9;20;19.9;20.2;20.1;20.5;20.6;20.9;21.3;21.5;22.1;22.4;22.6;22.4;22.2;22.5;22.4;22.5;22.3;21.7;21.5;21.1;21;21.1;20.7;20.4;19.9;19.5;19.3;19.4;19.5;19.5;19.5;19.4;19.5;19.4;19.4
351;PROM PESO;VICTORIA;22.5;22.2;21.7;21.2;20.4;19.7;19.7;19.8;20;19.6;19.9;20.2;19.6;19.1;19.8;19.9;19.9;20.4;20.6;21;21.1;21.4;21.8;22.3;22.8;23.1;23.3;23.3;23.3;23.2;23.2;23.3;23.3;23;22.8;22.8;22.1;21.7;21.8;21.6;21.4;21.2;20.9;21.1;21.2;21.1;21.3;21.3;21.2;21.2;21.1;21.1
352;PROM PESO;CIRCASIA;20;19.9;19.1;19;18;17.9;18.1;18.2;18.7;18.7;18.7;18.6;18.8;18.1;18.6;19.1;19.2;19.1;19.1;19;19.6;20.5;22.2;24;25.7;26.2;26.3;26.6;26;26.2;25.8;25.7;25.8;25.7;25.6;25.5;24.9;24.8;24.3;23.6;22.8;23.3;22.9;23.2;22.8;22.3;22.4;22.4;22.3;22.3;22.2;22.1
353;PROM PESO;CIÉNAGA;19;19.7;19.7;18.6;17.7;18.1;18.4;18.5;18.1;17.6;18.4;18.2;18.7;18.3;18.3;18.3;18.9;19.5;19.1;19.1;19.5;19.7;20.3;20.6;20.7;20.7;21;21.4;21.3;21;21.3;21.4;21.3;21.2;20.5;20;19.3;19.1;19.1;19;18.6;18.6;18.3;18.5;18.2;18.1;18.1;18;18;18;18;18
354;PROM PESO;MARÍA;18.2;18.3;18.2;17.7;18.1;17.4;17.5;17.5;18.2;17.7;18.1;18.2;17.7;17.5;16.7;17.8;17.7;18.3;18.4;19.2;19.6;20;20.5;21;21.2;21.7;21.9;22.3;22.1;22;22.3;22.2;22.2;21.9;21.4;20.9;20.6;19.9;19.8;19.8;19.4;19.2;19.2;18.7;18.3;17.9;17.9;17.5;17.5;17.6;17.5;17.5
355;PROM PESO;REMANSO;16.9;16.4;15.9;15.3;15.5;14.9;15.3;15.8;15.8;15.8;16;16.3;16.3;16.4;16.5;16.2;16.5;16.5;16.7;17;17.4;17.8;18.1;18.4;18.5;18.8;18.9;19;18.8;18.8;18.9;18.8;18.9;18.7;18.6;18.7;18.7;18.7;18.7;18.5;18.4;18.4;18.1;18.2;18;17.9;17.9;17.9;17.9;17.9;17.8;17.8
356;PROM PESO;PIEDECUESTA;20.1;20.4;19.7;19.2;18.4;18.4;18.2;18.2;18.4;18;17.9;17.2;16.7;16.2;15.9;17;17.5;17.5;17.6;17.9;18.4;18.6;19.2;19.5;19.9;20.4;20.5;21;21.5;21.4;21.6;21.5;21.6;21.4;21.4;21.7;21.7;21.5;21.5;21.2;20.7;20.4;20.2;19.6;19.1;19;19.2;19;18.8;18.7;18.8;18.7
357;PROM PESO;NÁUTICA;18;17.9;17.6;16.1;15.8;15.7;15.6;15.9;15.8;15.3;15.3;15.5;15.6;15;15.6;15.7;15.5;16.1;16.3;16.2;16.5;17;17.2;17.5;18;18.4;18.8;19.3;19.7;19.9;20;20.5;20.9;20.8;20.8;20.5;20.2;19.9;19.6;19.4;18.7;18.3;18.1;18.1;18;17.9;17.8;17.9;18;18;17.9;18
358;PROM PESO;LAS LINAS;21.2;21.3;21.3;20.9;20.8;21.1;21.1;21.2;21.7;21.4;21.8;22.4;22.1;22.3;22.5;22.1;22.6;22.8;22.5;22.9;23.4;23.5;24;24.4;24.5;25.1;25.3;25.3;25.3;25.2;25.3;25.2;25.2;25.3;25;24.6;23.8;23.6;23.5;23.4;22.9;22.7;22.2;21.6;21;20.8;21;21;21;20.9;20.9;20.9
359;PROM PESO;DON ALÍ;19;19.2;18.6;17.6;16.4;15.6;15.6;15.8;16.1;17.5;17.6;17.6;16.6;17.7;17.5;17.2;17.9;18.3;19.2;20;20.8;22.2;23.6;24.2;25.7;26.4;26.8;26.7;26.8;26.7;26.8;26.8;26.4;25.7;24.6;24;23.4;22.8;22.3;21.6;20.5;20.2;20.5;20.6;20.5;20.2;20.3;20.4;20.3;20.3;20.5;20.4
360;PROM PESO;DR4 DON ALÍ;0;0;18.2;0;18.8;18.7;18.2;20;20.9;20;19.9;22;22.2;20.3;17.8;18.2;18;22.4;23.4;24.5;24.7;24.8;25.1;25.2;25.8;25.9;26;26.3;25.9;25.9;25.5;25.3;24.9;24.5;24.3;24;23.9;23.5;23;22.5;22;21.8;21.1;21.4;21.3;21.9;21.2;21.1;21.1;21.1;21.2;21.2
361;PROM PESO;DON CARLOS;23.1;24.6;22.1;21;19.7;20.5;17.8;18.1;19.2;20.8;20.8;22.8;22.9;22.8;23.2;22.1;22.4;23.9;24.4;25.7;26.1;26.8;27.4;27.9;28.6;28.9;28.9;28.9;29;28.8;28.9;28.4;28.5;28.2;27.5;26.9;25.7;25.1;24.1;23.2;22.7;22.5;22.3;21.9;21.7;21.5;21.5;21.4;21.2;21.4;21.2;21.1
362;PROM PESO;EVA NORTE;22.1;22.2;22.7;21.6;20.2;19.2;19;18.9;18.6;18.9;19;18.7;18.8;19.1;19.1;19.7;20.7;21;22;22.7;23;23.6;23.8;24.3;25.3;26;26.2;26.6;26.4;26.1;26.1;25.9;26.1;25.4;24.6;23.9;23.4;22.1;21.6;20.7;20.3;20.5;20.4;20.5;20.4;20.1;20.2;20.1;20.1;20.1;20;19.8
363;PROM PESO;DON PEDRO;18.4;18.5;18.8;18;16.9;16;16.2;16.4;16.8;16.7;16.9;17.2;16.6;16.9;16.8;17;17.3;17.9;19;19.5;20;20.2;21.6;22.1;22.3;22.8;23.7;24.2;24.9;24.6;23.9;24;23.6;22.5;21.9;21.7;21;20.5;19.8;19.4;19.1;19;19;18;17.6;17.4;17.6;17.6;17.5;17.6;17.5;17.5
364;PROM PESO;LA VELA;15.8;16.1;16.2;15.3;15.1;14.4;15;14.9;16;15.6;16.3;16.3;16.2;16.4;16.5;17.1;16.8;17.3;17.5;17.6;18;18.3;19.8;20.2;21.3;21.9;22.8;23.1;23.8;23.9;24;23.9;24;23;22.1;21.7;21.2;20.7;19.9;19.5;18.4;18.4;18.6;17.7;17.4;17.2;17.2;16.3;16.1;16.2;16.2;16.1
365;PROM PESO;ESPERANZA;18.5;18.7;17.9;17.4;16.6;15.8;16.6;17.5;17.1;17.7;18.4;17.9;17.2;17.9;17.2;17.5;18.4;18.9;19.7;20.7;21.3;21.4;22;22.4;22.6;23;23.4;23.2;23;22.8;23.3;23.1;23.3;22.9;22.3;22;21.3;21;20.6;20.4;19.7;19.6;19;18.1;17.9;17.8;17.5;17.6;17.5;17.6;17.5;17.5
366;PROM PESO;LINA MARGARITA;13.5;13.1;13.1;13.3;12.9;12.7;12.6;12.7;13;12.9;13;13;13;12.9;13.2;13.3;13.5;13.6;13.6;13.7;14.2;14.1;14.5;14.6;14.8;15.1;15.1;15.1;15.1;15.1;15.2;15.2;14.9;14.9;15.2;15.1;14.9;14.7;14.4;14.4;14.4;14.1;14;13.6;14;13.6;13.7;13.5;13.4;13.4;13;13.3
367;PROM PESO;DON MARCE;0;0;0;0;0;0;0;0;0;10.5;10.8;10.8;10.8;11;11.5;12;12;11.5;12;12.1;12;12.1;12;12.2;12.1;12;12;12.1;12.2;12;12;11.9;12.1;12.2;12;12.3;12.4;12.5;12.5;12.4;12.2;12.5;12.6;12.8;13;13.2;13.5;14;14.2;14.5;14.5;14.4